"Branch Name","Branch Code","Invoice Number","Invoice Date","Invoice Type","Gross Amount","Discounts","Net Amount","Charge Amount","Taxes","Rounding","Tip","Total","Customer Id","Customer Name","Sale By","Channel","Label"
"Thiruninravur",,"1335","2017-02-01 11:31:18","Sale",100,0,100,0,0,0,0,100,"DFKP9QBY","sara","Ramesh Raja","In Store",
"Thiruninravur",,"1336","2017-02-01 11:32:50","Sale",30,0,30,0,0,0,0,30,"74GWXFXK","Kottiswari D","Ramesh Raja","In Store",
"Thiruninravur",,"1337","2017-02-01 11:33:33","Sale",30,0,30,0,0,0,0,30,"CCM837E9","ramya b","Ramesh Raja","In Store",
"Thiruninravur",,"1338","2017-02-01 11:34:27","Sale",30,0,30,0,0,0,0,30,"371","Banumathi S","Ramesh Raja","In Store",
"Thiruninravur",,"1339","2017-02-01 12:08:51","Sale",60,0,60,0,0,0,0,60,"405","Ambika S","Ramesh Raja","In Store",
"Thiruninravur",,"1340","2017-02-01 12:33:30","Sale",980,0,980,0,0,0,0,980,"845","Arulmary D","Ramesh Raja","In Store",
"Thiruninravur",,"1341","2017-02-01 13:25:30","Sale",45,0,45,0,0,0,0,45,"780","Sowmiya G","Ramesh Raja","In Store",
"Thiruninravur",,"1342","2017-02-01 16:59:51","Sale",3260,-500,2760,0,0,0,0,2760,"1288","Geetha K","Ramesh Raja","In Store",
"Thiruninravur",,"1343","2017-02-01 17:01:59","Sale",30,0,30,0,0,0,0,30,"697","Malathi H","Ramesh Raja","In Store",
"Thiruninravur",,"1344","2017-02-01 17:05:23","Sale",60,0,60,0,0,0,0,60,"261","Meena P","Ramesh Raja","In Store",
"Thiruninravur",,"1345","2017-02-01 17:12:31","Sale",30,0,30,0,0,0,0,30,"QJSYWQPY","savthi B","Ramesh Raja","In Store",
"Thiruninravur",,"1346","2017-02-01 17:14:57","Sale",30,0,30,0,0,0,0,30,"93M88EGY","priya g","Ramesh Raja","In Store",
"Thiruninravur",,"1347","2017-02-01 18:04:10","Sale",30,0,30,0,0,0,0,30,"S27AF14X","vishali J","Ramesh Raja","In Store",
"Thiruninravur",,"1348","2017-02-01 18:49:16","Sale",30,0,30,0,0,0,0,30,"70","Chitra R","Ramesh Raja","In Store",
"Thiruninravur",,"1349","2017-02-01 19:32:17","Sale",30,0,30,0,0,0,0,30,"902","Revathy S","Ramesh Raja","In Store",
"Thiruninravur",,"1350","2017-02-01 20:26:35","Sale",30,0,30,0,0,0,0,30,"293","Ravathi S","Ramesh Raja","In Store",
"Thiruninravur",,"1351","2017-02-01 20:28:51","Sale",60,0,60,0,0,0,0,60,"848","Saranya Sri","Ramesh Raja","In Store",
"Thiruninravur",,"1352","2017-02-01 20:32:43","Sale",580,0,580,0,0,0,0,580,"736","Reema Ekka","Ramesh Raja","In Store",
"Thiruninravur",,"1353","2017-02-01 20:34:58","Sale",30,0,30,0,0,0,0,30,"200","JANANI H","Ramesh Raja","In Store",
"Thiruninravur",,"1354","2017-02-01 20:35:19","Sale",30,0,30,0,0,0,0,30,,,"Ramesh Raja","In Store",
"Thiruninravur",,"1355","2017-02-02 11:15:32","Sale",50,0,50,0,0,0,0,50,"289","SIMILALSINGH","Ramesh Raja","In Store",
"Thiruninravur",,"1356","2017-02-02 15:10:20","Sale",30,0,30,0,0,0,0,30,"295","Banumathi M","Ramesh Raja","In Store",
"Thiruninravur",,"1357","2017-02-02 15:11:44","Sale",55,0,55,0,0,0,0,55,"1178","Yazhini","Ramesh Raja","In Store",
"Thiruninravur",,"1358","2017-02-02 16:31:11","Sale",30,0,30,0,0,0,0,30,"FVLU9TEU","Bhanumathi M","Ramesh Raja","In Store",
"Thiruninravur",,"1359","2017-02-02 16:32:09","Sale",30,0,30,0,0,0,0,30,"1178","Yazhini","Ramesh Raja","In Store",
"Thiruninravur",,"1360","2017-02-02 16:34:27","Sale",25,0,25,0,0,0,0,25,"1178","Yazhini","Ramesh Raja","In Store",
"Thiruninravur",,"1361","2017-02-02 16:39:51","Sale",30,0,30,0,0,0,0,30,"74RHM77L","Geedha","Ramesh Raja","In Store",
"Thiruninravur",,"1362","2017-02-02 16:42:01","Sale",30,0,30,0,0,0,0,30,"1251","Narmdha","Ramesh Raja","In Store",
"Thiruninravur",,"1363","2017-02-02 16:44:18","Sale",30,0,30,0,0,0,0,30,"222","Priya F","Ramesh Raja","In Store",
"Thiruninravur",,"1364","2017-02-02 16:46:27","Sale",30,0,30,0,0,0,0,30,"46","Hemamalini S","Ramesh Raja","In Store",
"Thiruninravur",,"1365","2017-02-02 16:49:23","Sale",30,0,30,0,0,0,0,30,"64","Pavithira M","Ramesh Raja","In Store",
"Thiruninravur",,"1366","2017-02-02 16:52:12","Sale",55,0,55,0,0,0,0,55,"1559","Dhanalakshmi Pk","Ramesh Raja","In Store",
"Thiruninravur",,"1367","2017-02-02 19:18:16","Sale",3050,0,3050,0,0,0,0,3050,"KMWC5QSD","vidya s","Ramesh Raja","In Store",
"Thiruninravur",,"1368","2017-02-03 21:03:04","Sale",200,0,200,0,0,0,0,200,"1126","Mamatha B","Ramesh Raja","In Store",
"Thiruninravur",,"1369","2017-02-03 21:04:32","Sale",30,0,30,0,0,0,0,30,"86","Sowmiya K","Ramesh Raja","In Store",
"Thiruninravur",,"1370","2017-02-03 21:09:56","Sale",30,0,30,0,0,0,0,30,"1782","Usha Murugan","Ramesh Raja","In Store",
"Thiruninravur",,"1371","2017-02-03 21:12:21","Sale",30,0,30,0,0,0,0,30,"1333","Sivagami Shankar","Ramesh Raja","In Store",
"Thiruninravur",,"1372","2017-02-03 21:36:18","Sale",30,0,30,0,0,0,0,30,"Q98888M1","menakumari t","Ramesh Raja","In Store",
"Thiruninravur",,"1373","2017-02-04 12:46:28","Sale",30,0,30,0,0,0,0,30,"V9QW2QSU","meenakchi s","Ramesh Raja","In Store",
"Thiruninravur",,"1374","2017-02-04 12:51:27","Sale",150,0,150,0,0,0,0,150,"1270","Ojal Dubey","Ramesh Raja","In Store",
"Thiruninravur",,"1375","2017-02-04 12:56:56","Sale",180,0,180,0,0,0,0,180,"QKQA291N","geedha","Ramesh Raja","In Store",
"Thiruninravur",,"1376","2017-02-04 13:00:53","Sale",30,0,30,0,0,0,0,30,"JWFHA8AI","thiruveni mm","Ramesh Raja","In Store",
"Thiruninravur",,"1377","2017-02-04 13:02:48","Sale",80,0,80,0,0,0,0,80,"208","Durgadevi J","Ramesh Raja","In Store",
"Thiruninravur",,"1378","2017-02-04 13:29:12","Sale",880,0,880,0,0,0,0,880,"224","Dakshayani M","Ramesh Raja","In Store",
"Thiruninravur",,"1379","2017-02-04 19:12:21","Sale",30,0,30,0,0,0,0,30,"NQDZRGRI","vithya a,k","Ramesh Raja","In Store",
"Thiruninravur",,"1380","2017-02-04 19:19:34","Sale",1880,0,1880,0,0,0,0,1880,"XEFFXQKH","sathiya a","Ramesh Raja","In Store",
"Thiruninravur",,"1381","2017-02-04 19:25:20","Sale",150,0,150,0,0,0,0,150,"IGAGMPL8","asvinir","Ramesh Raja","In Store",
"Thiruninravur",,"1382","2017-02-04 19:31:49","Sale",1760,0,1760,0,0,0,0,1760,"4JPA9QP3","RAVATHI V","Ramesh Raja","In Store",
"Thiruninravur",,"1383","2017-02-04 19:38:21","Sale",200,0,200,0,0,0,0,200,"1425","Ravathy V","Ramesh Raja","In Store",
"Thiruninravur",,"1384","2017-02-04 19:42:18","Sale",180,0,180,0,0,0,0,180,"5MVT8XHN","divya","Ramesh Raja","In Store",
"Thiruninravur",,"1385","2017-02-04 19:44:15","Sale",60,0,60,0,0,0,0,60,"681","Roseni R","Ramesh Raja","In Store",
"Thiruninravur",,"1386","2017-02-04 19:44:54","Sale",30,0,30,0,0,0,0,30,"623","Esther N","Ramesh Raja","In Store",
"Thiruninravur",,"1387","2017-02-04 19:45:30","Sale",30,0,30,0,0,0,0,30,"RRMJ4QW8","rajeshwari k","Ramesh Raja","In Store",
"Thiruninravur",,"1388","2017-02-04 19:47:42","Sale",130,0,130,0,0,0,0,130,"GVQVZI46","kavitha p","Ramesh Raja","In Store",
"Thiruninravur",,"1389","2017-02-04 19:54:43","Sale",2350,0,2350,0,0,0,0,2350,"KMWC5QSD","vidya s","Ramesh Raja","In Store",
"Thiruninravur",,"1390","2017-02-04 20:00:30","Sale",30,0,30,0,0,0,0,30,,,"Ramesh Raja","In Store",
"Thiruninravur",,"1391","2017-02-04 20:01:11","Sale",30,0,30,0,0,0,0,30,"545","Gowrimanohari T","Ramesh Raja","In Store",
"Thiruninravur",,"1392","2017-02-04 20:03:56","Sale",900,0,900,0,0,0,0,900,"1178","Yazhini","Ramesh Raja","In Store",
"Thiruninravur",,"1393","2017-02-04 20:13:29","Sale",30,0,30,0,0,0,0,30,"236","Chandrika S","Ramesh Raja","In Store",
"Thiruninravur",,"1394","2017-02-04 20:15:33","Sale",30,0,30,0,0,0,0,30,"420","Roshina sarah R","Ramesh Raja","In Store",
"Thiruninravur",,"1395","2017-02-04 20:26:55","Sale",30,0,30,0,0,0,0,30,"1797","Umamagewari S","Ramesh Raja","In Store",
"Thiruninravur",,"1396","2017-02-04 20:33:52","Sale",2130,0,2130,0,0,0,0,2130,"I1RATCBI","Rani D","Ramesh Raja","In Store",
"Thiruninravur",,"1397","2017-02-04 20:44:51","Sale",30,0,30,0,0,0,0,30,"1368","Nithya S","Ramesh Raja","In Store",
"Thiruninravur",,"1398","2017-02-05 11:05:47","Sale",100,0,100,0,0,0,0,100,"726","Hemalatha J","Ramesh Raja","In Store",
"Thiruninravur",,"1399","2017-02-05 12:57:05","Sale",30,0,30,0,0,0,0,30,"WVQ7XXJR","anita","Ramesh Raja","In Store",
"Thiruninravur",,"1400","2017-02-05 13:01:21","Sale",100,0,100,0,0,0,0,100,"603","Shylashri A","Ramesh Raja","In Store",
"Thiruninravur",,"1401","2017-02-05 13:02:38","Sale",55,0,55,0,0,0,0,55,"289","SIMILALSINGH","Ramesh Raja","In Store",
"Thiruninravur",,"1402","2017-02-05 13:07:59","Sale",30,0,30,0,0,0,0,30,"934","Manjula Senthil","Ramesh Raja","In Store",
"Thiruninravur",,"1403","2017-02-05 13:13:05","Sale",30,0,30,0,0,0,0,30,"807","Suganya S","Ramesh Raja","In Store",
"Thiruninravur",,"1404","2017-02-05 13:15:50","Sale",300,0,300,0,0,0,0,300,"FZ5Q2DZY","latha d","Ramesh Raja","In Store",
"Thiruninravur",,"1405","2017-02-05 13:31:38","Sale",100,0,100,0,0,0,0,100,"H1FU3C2G","vimala n","Ramesh Raja","In Store",
"Thiruninravur",,"1406","2017-02-05 13:33:05","Sale",30,0,30,0,0,0,0,30,"H1FU3C2G","vimala n","Ramesh Raja","In Store",
"Thiruninravur",,"1407","2017-02-05 14:53:34","Sale",930,0,930,0,0,0,0,930,"616","Nirmala B","Ramesh Raja","In Store",
"Thiruninravur",,"1408","2017-02-05 15:08:38","Sale",375,0,375,0,0,0,0,375,"282","Shanthi Ts","Ramesh Raja","In Store",
"Thiruninravur",,"1409","2017-02-05 15:09:31","Sale",55,0,55,0,0,0,0,55,"722","Shilpa G","Ramesh Raja","In Store",
"Thiruninravur",,"1410","2017-02-05 15:41:14","Sale",350,0,350,0,0,0,0,350,"100","Wanish W","Ramesh Raja","In Store",
"Thiruninravur",,"1412","2017-02-05 16:24:01","Sale",30,0,30,0,0,0,0,30,,,"Ramesh Raja","In Store",
"Thiruninravur",,"1413","2017-02-05 17:19:09","Sale",1730,0,1730,0,0,0,0,1730,"V78JX6SJ","sreemathi s","Ramesh Raja","In Store",
"Thiruninravur",,"1414","2017-02-05 17:22:01","Sale",30,0,30,0,0,0,0,30,"533R2EN9","kalaivani d","Ramesh Raja","In Store",
"Thiruninravur",,"1411","2017-02-05 17:23:15","Sale",810,0,810,0,0,0,0,810,"1671","Sudha R","Ramesh Raja","In Store",
"Thiruninravur",,"1415","2017-02-05 17:27:46","Sale",30,0,30,0,0,0,0,30,"4JY24RUE","jayalaKSHMI N","Ramesh Raja","In Store",
"Thiruninravur",,"1416","2017-02-05 17:32:42","Sale",30,0,30,0,0,0,0,30,"1685","SASI REKHA J","Ramesh Raja","In Store",
"Thiruninravur",,"1417","2017-02-05 17:38:02","Sale",150,0,150,0,0,0,0,150,"145","Suriya S","Ramesh Raja","In Store",
"Thiruninravur",,"1418","2017-02-05 17:39:03","Sale",30,0,30,0,0,0,0,30,"234","Amutha P","Ramesh Raja","In Store",
"Thiruninravur",,"1420","2017-02-05 18:27:20","Sale",180,0,180,0,0,0,0,180,"711","Banumathi B","Ramesh Raja","In Store",
"Thiruninravur",,"1421","2017-02-05 18:42:53","Sale",60,0,60,0,0,0,0,60,"Q28XPRZP","induja v","Ramesh Raja","In Store",
"Thiruninravur",,"1422","2017-02-05 18:48:47","Sale",30,0,30,0,0,0,0,30,"1622","Pavithra M","Ramesh Raja","In Store",
"Thiruninravur",,"1424","2017-02-05 18:54:33","Sale",50,0,50,0,0,0,0,50,"3R7RYH27","sowparnga t","Ramesh Raja","In Store",
"Thiruninravur",,"1425","2017-02-05 19:02:22","Sale",30,0,30,0,0,0,0,30,"1098","Umamageswari G","Ramesh Raja","In Store",
"Thiruninravur",,"1426","2017-02-05 19:07:28","Sale",30,0,30,0,0,0,0,30,"XR99UHC2","surgunavathy s","Ramesh Raja","In Store",
"Thiruninravur",,"1427","2017-02-05 19:13:58","Sale",30,0,30,0,0,0,0,30,"RL7VPYD5","chithra p","Ramesh Raja","In Store",
"Thiruninravur",,"1428","2017-02-05 19:15:48","Sale",30,0,30,0,0,0,0,30,"HD2TQNF9","vasanthi s","Ramesh Raja","In Store",
"Thiruninravur",,"1429","2017-02-05 19:37:25","Sale",30,0,30,0,0,0,0,30,,,"Ramesh Raja","In Store",
"Thiruninravur",,"1430","2017-02-05 19:41:54","Sale",380,0,380,0,0,0,0,380,"ENTGXWBV","abiyal shiny","Ramesh Raja","In Store",
"Thiruninravur",,"1419","2017-02-05 19:50:28","Sale",800,0,800,0,0,0,0,800,"NB5SSDRN","durga d","Ramesh Raja","In Store",
"Thiruninravur",,"1423","2017-02-05 20:20:10","Sale",810,0,810,0,0,0,0,810,"1029","Sugachini U","Ramesh Raja","In Store",
"Thiruninravur",,"1431","2017-02-06 15:52:34","Sale",130,0,130,0,0,0,0,130,"F7D1PE52","anandhi j","Ramesh Raja","In Store",
"Thiruninravur",,"1432","2017-02-06 15:59:53","Sale",30,0,30,0,0,0,0,30,"XN9K8PTQ","divya m","Ramesh Raja","In Store",
"Thiruninravur",,"1433","2017-02-06 16:03:03","Sale",30,0,30,0,0,0,0,30,"N5P3F33K","shakila g","Ramesh Raja","In Store",
"Thiruninravur",,"1434","2017-02-06 16:18:38","Sale",30,0,30,0,0,0,0,30,"JW5ZBWCK","deepika s","Ramesh Raja","In Store",
"Thiruninravur",,"1435","2017-02-06 16:19:38","Sale",30,0,30,0,0,0,0,30,"194","Indra C","Ramesh Raja","In Store",
"Thiruninravur",,"1436","2017-02-06 16:37:49","Sale",30,0,30,0,0,0,0,30,"6VA4F9MX","priya k","Ramesh Raja","In Store",
"Thiruninravur",,"1437","2017-02-06 17:00:18","Sale",30,0,30,0,0,0,0,30,"954","Subashini V","Ramesh Raja","In Store",
"Thiruninravur",,"1438","2017-02-06 18:26:25","Sale",30,0,30,0,0,0,0,30,"527","Hemamalani T","Ramesh Raja","In Store",
"Thiruninravur",,"1439","2017-02-06 18:29:13","Sale",30,0,30,0,0,0,0,30,"873","Jayakumari S","Ramesh Raja","In Store",
"Thiruninravur",,"1441","2017-02-06 18:35:11","Sale",30,0,30,0,0,0,0,30,"11UZUUWD","Hemalatha","Ramesh Raja","In Store",
"Thiruninravur",,"1440","2017-02-06 18:41:17","Sale",705,0,705,0,0,0,0,705,"251","Hemalatha B","Ramesh Raja","In Store",
"Thiruninravur",,"1442","2017-02-06 18:51:34","Sale",30,0,30,0,0,0,0,30,"1241","Tamiiazhagi S","Ramesh Raja","In Store",
"Thiruninravur",,"1443","2017-02-06 19:22:08","Sale",30,0,30,0,0,0,0,30,"69","Vijayalakshmi K","Ramesh Raja","In Store",
"Thiruninravur",,"1444","2017-02-06 19:32:56","Sale",330,0,330,0,0,0,0,330,"1686","Yogeswari J","Ramesh Raja","In Store",
"Thiruninravur",,"1445","2017-02-06 19:39:21","Sale",30,0,30,0,0,0,0,30,"1640","DEEPA S","Ramesh Raja","In Store",
"Thiruninravur",,"1446","2017-02-06 20:13:11","Sale",60,0,60,0,0,0,0,60,"1284","Sridevi S","Ramesh Raja","In Store",
"Thiruninravur",,"1447","2017-02-06 20:19:22","Sale",160,0,160,0,0,0,0,160,"TW52SSYI","sangeetha l","Ramesh Raja","In Store",
"Thiruninravur",,"1448","2017-02-06 20:22:30","Sale",1430,0,1430,0,0,0,0,1430,"XGRFK8SS","sowmiya","Ramesh Raja","In Store",
"Thiruninravur",,"1449","2017-02-06 20:32:34","Sale",18500,0,18500,0,0,0,0,18500,"NK322VML","shiva chandra maala","Ramesh Raja","In Store",
"Thiruninravur",,"1451","2017-02-07 13:53:08","Sale",1430,0,1430,0,0,0,0,1430,"646","Vaishnavi Sampath","Ramesh Raja","In Store",
"Thiruninravur",,"1452","2017-02-07 15:19:01","Sale",30,0,30,0,0,0,0,30,"JD6PUXYL","BINDU A","Ramesh Raja","In Store",
"Thiruninravur",,"1453","2017-02-07 15:21:58","Sale",30,0,30,0,0,0,0,30,"122","Gomathi S","Ramesh Raja","In Store",
"Thiruninravur",,"1454","2017-02-07 15:24:55","Sale",530,0,530,0,0,0,0,530,"460","Rajalakshmi P","Ramesh Raja","In Store",
"Thiruninravur",,"1455","2017-02-07 17:24:38","Sale",90,0,90,0,0,0,0,90,,,"Ramesh Raja","In Store",
"Thiruninravur",,"1456","2017-02-07 19:13:02","Sale",30,0,30,0,0,0,0,30,"WC7AHKMQ","komathi m","Ramesh Raja","In Store",
"Thiruninravur",,"1457","2017-02-07 19:15:34","Sale",30,0,30,0,0,0,0,30,"942","LAKSHMI PRABHA","Ramesh Raja","In Store",
"Thiruninravur",,"1458","2017-02-07 20:22:20","Sale",105,0,105,0,0,0,0,105,"1Q2Y853V","annie josaph","Ramesh Raja","In Store",
"Thiruninravur",,"1459","2017-02-07 20:24:02","Sale",1550,0,1550,0,0,0,0,1550,,,"Ramesh Raja","In Store",
"Thiruninravur",,"1460","2017-02-08 11:00:06","Sale",800,0,800,0,0,0,0,800,"6LT81CRH","Durga D","Ramesh Raja","In Store",
"Thiruninravur",,"1461","2017-02-08 12:49:57","Sale",30,0,30,0,0,0,0,30,"JIXYTK8H","rekha m","Ramesh Raja","In Store",
"Thiruninravur",,"1462","2017-02-08 12:54:40","Sale",30,0,30,0,0,0,0,30,"1079","Rekha M","Ramesh Raja","In Store",
"Thiruninravur",,"1463","2017-02-08 12:56:42","Sale",60,0,60,0,0,0,0,60,"7NSGRHFR","Sangeetha M","Ramesh Raja","In Store",
"Thiruninravur",,"1464","2017-02-08 12:57:41","Sale",30,0,30,0,0,0,0,30,"540","Lakshmi Sanker","Ramesh Raja","In Store",
"Thiruninravur",,"1465","2017-02-08 13:02:05","Sale",30,0,30,0,0,0,0,30,"1053","Revathi G","Ramesh Raja","In Store",
"Thiruninravur",,"1467","2017-02-08 14:34:06","Sale",30,0,30,0,0,0,0,30,"292","Sarumathi R","Ramesh Raja","In Store",
"Thiruninravur",,"1468","2017-02-08 15:33:17","Sale",30,0,30,0,0,0,0,30,"645","Vasanthi K","Ramesh Raja","In Store",
"Thiruninravur",,"1469","2017-02-08 18:23:00","Sale",30,0,30,0,0,0,0,30,"747","Kavitha Subramani","Ramesh Raja","In Store",
"Thiruninravur",,"1470","2017-02-08 18:26:35","Sale",1000,0,1000,0,0,0,0,1000,"60","NIRMALA","Ramesh Raja","In Store",
"Thiruninravur",,"1471","2017-02-08 18:42:22","Sale",30,0,30,0,0,0,0,30,"76","Kavitha D","Ramesh Raja","In Store",
"Thiruninravur",,"1472","2017-02-08 18:43:49","Sale",30,0,30,0,0,0,0,30,"1252","Umamaheshwari S","Ramesh Raja","In Store",
"Thiruninravur",,"1473","2017-02-08 18:46:45","Sale",30,0,30,0,0,0,0,30,"FBG8FJYZ","lakshmi","Ramesh Raja","In Store",
"Thiruninravur",,"1474","2017-02-08 18:52:45","Sale",30,0,30,0,0,0,0,30,"292","Sarumathi R","Ramesh Raja","In Store",
"Thiruninravur",,"1475","2017-02-08 18:53:48","Sale",100,0,100,0,0,0,0,100,"IP3HDIBJ","hemalatha d","Ramesh Raja","In Store",
"Thiruninravur",,"1476","2017-02-08 18:54:29","Sale",30,0,30,0,0,0,0,30,"376","Sujatha K","Ramesh Raja","In Store",
"Thiruninravur",,"1477","2017-02-08 19:04:13","Sale",30,0,30,0,0,0,0,30,"KK73KXTI","poojitha v","Ramesh Raja","In Store",
"Thiruninravur",,"1478","2017-02-08 19:10:53","Sale",30,0,30,0,0,0,0,30,"R615275C","selvi N","Ramesh Raja","In Store",
"Thiruninravur",,"1479","2017-02-08 19:13:19","Sale",30,0,30,0,0,0,0,30,"QFI9JBR7","Alphonse","Ramesh Raja","In Store",
"Thiruninravur",,"1481","2017-02-08 19:23:22","Sale",55,0,55,0,0,0,0,55,"611","Deepa Murali","Ramesh Raja","In Store",
"Thiruninravur",,"1482","2017-02-08 19:31:08","Sale",80,0,80,0,0,0,0,80,"YWI8G9LK","bakyam R","Ramesh Raja","In Store",
"Thiruninravur",,"1483","2017-02-08 19:33:29","Sale",30,0,30,0,0,0,0,30,"ZDMYAKXY","Deepika G","Ramesh Raja","In Store",
"Thiruninravur",,"1484","2017-02-08 20:20:09","Sale",12000,0,12000,0,0,0,0,12000,"HHI6JZX5","VIJAYALAKSHMI K","Ramesh Raja","In Store",
"Thiruninravur",,"1485","2017-02-08 20:27:44","Sale",500,0,500,0,0,0,0,500,"842","Shakthi J","Ramesh Raja","In Store",
"Thiruninravur",,"1450","2017-02-09 12:03:42","Sale",1350,0,1350,0,0,0,0,1350,"NK322VML","shiva chandra maala","Ramesh Raja","In Store",
"Thiruninravur",,"1486","2017-02-09 13:25:20","Sale",480,0,480,0,0,0,0,480,"221","Jaya K","Ramesh Raja","In Store",
"Thiruninravur",,"1487","2017-02-09 13:26:20","Sale",30,0,30,0,0,0,0,30,"985","Latha Sampath","Ramesh Raja","In Store",
"Thiruninravur",,"1488","2017-02-09 13:48:52","Sale",30,0,30,0,0,0,0,30,"962","Keerthika G","Ramesh Raja","In Store",
"Thiruninravur",,"1489","2017-02-09 15:41:00","Sale",800,0,800,0,0,0,0,800,"E4Y1ZT4Z","radha G","Ramesh Raja","In Store",
"Thiruninravur",,"1490","2017-02-09 16:11:42","Sale",100,0,100,0,0,0,0,100,"MPQ88JZT","Abida A","Ramesh Raja","In Store",
"Thiruninravur",,"1491","2017-02-09 17:08:15","Sale",1100,0,1100,0,0,0,0,1100,"NK322VML","shiva chandra maala","Ramesh Raja","In Store",
"Thiruninravur",,"1492","2017-02-09 17:18:07","Sale",30,0,30,0,0,0,0,30,"MI9DA7QF","girija d","Ramesh Raja","In Store",
"Thiruninravur",,"1493","2017-02-09 17:23:23","Sale",55,0,55,0,0,0,0,55,"226XITQ2","rudrani r","Ramesh Raja","In Store",
"Thiruninravur",,"1494","2017-02-09 17:25:08","Sale",30,0,30,0,0,0,0,30,"Y5DXFVWZ","likitha b","Ramesh Raja","In Store",
"Thiruninravur",,"1495","2017-02-09 17:55:49","Sale",30,0,30,0,0,0,0,30,"FJJVH75G","Abirami S","Ramesh Raja","In Store",
"Thiruninravur",,"1496","2017-02-09 17:57:21","Sale",30,0,30,0,0,0,0,30,"FJJVH75G","Abirami S","Ramesh Raja","In Store",
"Thiruninravur",,"1497","2017-02-09 20:23:48","Sale",5000,0,5000,0,0,0,0,5000,"NK322VML","shiva chandra maala","Ramesh Raja","In Store",
"Thiruninravur",,"1498","2017-02-09 20:25:57","Sale",30,0,30,0,0,0,0,30,"JTJS9MMQ","papitha b","Ramesh Raja","In Store",
"Thiruninravur",,"1499","2017-02-10 12:16:55","Sale",30,0,30,0,0,0,0,30,"YBYCVE56","malliga r","Ramesh Raja","In Store",
"Thiruninravur",,"1500","2017-02-10 12:19:19","Sale",30,0,30,0,0,0,0,30,"883NQYAI","rethiga g","Ramesh Raja","In Store",
"Thiruninravur",,"1501","2017-02-10 12:26:22","Sale",30,0,30,0,0,0,0,30,"VDPSTFKS","shanthi p","Ramesh Raja","In Store",
"Thiruninravur",,"1502","2017-02-10 12:30:43","Sale",30,0,30,0,0,0,0,30,"94QW9R6M","Radhika G","Ramesh Raja","In Store",
"Thiruninravur",,"1503","2017-02-10 12:33:13","Sale",30,0,30,0,0,0,0,30,"F64M3R2G","Malliga R","Ramesh Raja","In Store",
"Thiruninravur",,"1504","2017-02-10 15:46:26","Sale",580,0,580,0,0,0,0,580,"ZWRHDVNM","susithri k","Ramesh Raja","In Store",
"Thiruninravur",,"1505","2017-02-10 18:39:33","Sale",210,0,210,0,0,0,0,210,"1539","Divya V","Ramesh Raja","In Store",
"Thiruninravur",,"1506","2017-02-10 20:05:32","Sale",30,0,30,0,0,0,0,30,"E1XLIRRY","Gomathi","Ramesh Raja","In Store",
"Thiruninravur",,"1507","2017-02-10 20:33:18","Sale",30,0,30,0,0,0,0,30,"T4DUQDDJ","sharmila d","Ramesh Raja","In Store",
"Thiruninravur",,"1508","2017-02-10 20:34:25","Sale",30,0,30,0,0,0,0,30,"963","Vinu Jabus","Ramesh Raja","In Store",
"Thiruninravur",,"1509","2017-02-10 20:36:03","Sale",30,0,30,0,0,0,0,30,"952","Jothi lakshmi R","Ramesh Raja","In Store",
"Thiruninravur",,"1510","2017-02-10 20:37:10","Sale",150,0,150,0,0,0,0,150,"85","Mamtha D","Ramesh Raja","In Store",
"Thiruninravur",,"1511","2017-02-10 20:38:39","Sale",30,0,30,0,0,0,0,30,"101","Jayasudtha M","Ramesh Raja","In Store",
"Thiruninravur",,"1512","2017-02-11 10:34:13","Sale",5500,0,5500,0,0,0,0,5500,"646","Vaishnavi Sampath","Ramesh Raja","In Store",
"Thiruninravur",,"1513","2017-02-11 11:41:32","Sale",30,0,30,0,0,0,0,30,"821","Smily S","Ramesh Raja","In Store",
"Thiruninravur",,"1514","2017-02-11 11:50:51","Sale",30,0,30,0,0,0,0,30,"629","Geetha P","Ramesh Raja","In Store",
"Thiruninravur",,"1516","2017-02-11 13:26:14","Sale",30,0,30,0,0,0,0,30,"1628","Dhanalakshmi G","Ramesh Raja","In Store",
"Thiruninravur",,"1517","2017-02-11 18:01:31","Sale",150,0,150,0,0,0,0,150,"1525","Soubia Fathima","Ramesh Raja","In Store",
"Thiruninravur",,"1518","2017-02-11 18:02:30","Sale",30,0,30,0,0,0,0,30,"258","Valarmathi V","Ramesh Raja","In Store",
"Thiruninravur",,"1519","2017-02-11 18:04:00","Sale",30,0,30,0,0,0,0,30,,,"Ramesh Raja","In Store",
"Thiruninravur",,"1520","2017-02-11 18:10:04","Sale",30,0,30,0,0,0,0,30,"JRKH57LI","kasiga","Ramesh Raja","In Store",
"Thiruninravur",,"1521","2017-02-11 18:23:37","Sale",105,0,105,0,0,0,0,105,"457","Priya A","Ramesh Raja","In Store",
"Thiruninravur",,"1522","2017-02-11 18:26:02","Sale",60,0,60,0,0,0,0,60,"143","Kokila M","Ramesh Raja","In Store",
"Thiruninravur",,"1523","2017-02-11 18:37:10","Sale",30,0,30,0,0,0,0,30,"1444","Vanisree R","Ramesh Raja","In Store",
"Thiruninravur",,"1524","2017-02-11 19:13:36","Sale",30,0,30,0,0,0,0,30,"717","Priya D","Ramesh Raja","In Store",
"Thiruninravur",,"1525","2017-02-11 19:48:18","Sale",180,0,180,0,0,0,0,180,"1476","Evangelin Elizabeth a","Ramesh Raja","In Store",
"Thiruninravur",,"1526","2017-02-11 20:03:32","Sale",30,0,30,0,0,0,0,30,"239","Cathtrin R","Ramesh Raja","In Store",
"Thiruninravur",,"1527","2017-02-11 20:04:56","Sale",30,0,30,0,0,0,0,30,"1764","Kokila M","Ramesh Raja","In Store",
"Thiruninravur",,"1528","2017-02-11 20:19:33","Sale",30,0,30,0,0,0,0,30,"131","Nancy D","Ramesh Raja","In Store",
"Thiruninravur",,"1529","2017-02-12 10:00:10","Sale",200,0,200,0,0,0,0,200,"SCN4GRLE","gomathy t","Ramesh Raja","In Store",
"Thiruninravur",,"1530","2017-02-12 12:20:40","Sale",30,0,30,0,0,0,0,30,"607","Diana V","Ramesh Raja","In Store",
"Thiruninravur",,"1531","2017-02-12 12:21:54","Sale",150,0,150,0,0,0,0,150,"ZTXGJD55","VIDHYA V.S","Ramesh Raja","In Store",
"Thiruninravur",,"1532","2017-02-12 12:22:41","Sale",150,0,150,0,0,0,0,150,"1150","Mahalakshmi B","Ramesh Raja","In Store",
"Thiruninravur",,"1533","2017-02-12 12:25:52","Sale",30,0,30,0,0,0,0,30,"PJN4LTFZ","jayanthi B","Ramesh Raja","In Store",
"Thiruninravur",,"1536","2017-02-12 12:52:03","Sale",200,0,200,0,0,0,0,200,"1436","Aswini A","Ramesh Raja","In Store",
"Thiruninravur",,"1537","2017-02-12 13:02:56","Sale",450,0,450,0,0,0,0,450,"236","Chandrika S","Ramesh Raja","In Store",
"Thiruninravur",,"1538","2017-02-12 13:35:20","Sale",50,0,50,0,0,0,0,50,"299","Sowmiya P","Ramesh Raja","In Store",
"Thiruninravur",,"1540","2017-02-12 14:55:06","Sale",30,0,30,0,0,0,0,30,"1134","Valarmathi P","Ramesh Raja","In Store",
"Thiruninravur",,"1541","2017-02-12 15:02:45","Sale",150,0,150,0,0,0,0,150,"1023","Prathipa R","Ramesh Raja","In Store",
"Thiruninravur",,"1539","2017-02-12 15:03:53","Sale",300,0,300,0,0,0,0,300,"PTXZTMUY","Prema M","Ramesh Raja","In Store",
"Thiruninravur",,"1542","2017-02-12 15:07:19","Sale",30,0,30,0,0,0,0,30,"8TPVJ7TT","vijayalakshmi g","Ramesh Raja","In Store",
"Thiruninravur",,"1543","2017-02-12 15:29:10","Sale",30,0,30,0,0,0,0,30,"MGHR75Z5","Radha P","Ramesh Raja","In Store",
"Thiruninravur",,"1544","2017-02-12 15:53:20","Sale",30,0,30,0,0,0,0,30,"656","Gayathiri A","Ramesh Raja","In Store",
"Thiruninravur",,"1545","2017-02-12 15:54:13","Sale",150,0,150,0,0,0,0,150,"1353","Priyanka Aa","Ramesh Raja","In Store",
"Thiruninravur",,"1546","2017-02-12 17:49:29","Sale",30,0,30,0,0,0,0,30,"3JTABPTH","JOICE D","Ramesh Raja","In Store",
"Thiruninravur",,"1547","2017-02-12 18:35:58","Sale",30,0,30,0,0,0,0,30,"1558","Sumithra V","Ramesh Raja","In Store",
"Thiruninravur",,"1548","2017-02-12 18:50:44","Sale",30,0,30,0,0,0,0,30,"I3YH2GPG","vani g.s","Ramesh Raja","In Store",
"Thiruninravur",,"1549","2017-02-12 19:02:48","Sale",60,0,60,0,0,0,0,60,"1574","Archana Dhivya","Ramesh Raja","In Store",
"Thiruninravur",,"1550","2017-02-12 19:05:58","Sale",60,0,60,0,0,0,0,60,"1099","Selvarani T","Ramesh Raja","In Store",
"Thiruninravur",,"1551","2017-02-12 19:12:25","Sale",650,0,650,0,0,0,0,650,"1284","Sridevi S","Ramesh Raja","In Store",
"Thiruninravur",,"1552","2017-02-12 19:31:22","Sale",30,0,30,0,0,0,0,30,"90","Mithra M","Ramesh Raja","In Store",
"Thiruninravur",,"1553","2017-02-12 20:15:36","Sale",30,0,30,0,0,0,0,30,"261","Meena P","Ramesh Raja","In Store",
"Thiruninravur",,"1554","2017-02-12 20:25:51","Sale",30,0,30,0,0,0,0,30,"605","Uma Mageswari","Ramesh Raja","In Store",
"Thiruninravur",,"1555","2017-02-13 12:39:45","Sale",30,0,30,0,0,0,0,30,"RVDPBH52","Naveetha A","Ramesh Raja","In Store",
"Thiruninravur",,"1556","2017-02-13 12:53:15","Sale",30,0,30,0,0,0,0,30,"HT9NSF64","geethaanjali p","Ramesh Raja","In Store",
"Thiruninravur",,"1557","2017-02-13 13:09:53","Sale",55,0,55,0,0,0,0,55,"A6Q8WLPH","Monisha A","Ramesh Raja","In Store",
"Thiruninravur",,"1558","2017-02-13 16:19:18","Sale",900,0,900,0,0,0,0,900,"506","Latha J","Ramesh Raja","In Store",
"Thiruninravur",,"1559","2017-02-13 16:24:03","Sale",30,0,30,0,0,0,0,30,"DS4GZU1Z","hemavathi s","Ramesh Raja","In Store",
"Thiruninravur",,"1560","2017-02-13 17:55:45","Sale",30,0,30,0,0,0,0,30,"U6L82BE8","Muthulakshmi G","Ramesh Raja","In Store",
"Thiruninravur",,"1561","2017-02-13 17:57:40","Sale",30,0,30,0,0,0,0,30,"H62F9HQC","Amudha B","Ramesh Raja","In Store",
"Thiruninravur",,"1562","2017-02-13 18:00:09","Sale",180,0,180,0,0,0,0,180,"9EAQHWGW","Geeta","Ramesh Raja","In Store",
"Thiruninravur",,"1563","2017-02-13 18:01:46","Sale",30,0,30,0,0,0,0,30,"2UIQD64K","Deeta V","Ramesh Raja","In Store",
"Thiruninravur",,"1564","2017-02-13 20:33:12","Sale",105,0,105,0,0,0,0,105,,,"Ramesh Raja","In Store",
"Thiruninravur",,"1565","2017-02-13 20:34:28","Sale",30,0,30,0,0,0,0,30,"1216","Deepalakshmi Siva","Ramesh Raja","In Store",
"Thiruninravur",,"1566","2017-02-13 20:40:05","Sale",30,0,30,0,0,0,0,30,"DGAYXVNF","mekala","Ramesh Raja","In Store",
"Thiruninravur",,"1567","2017-02-13 20:42:26","Sale",650,0,650,0,0,0,0,650,"921","Swathi B","Ramesh Raja","In Store",
"Thiruninravur",,"1568","2017-02-13 20:43:35","Sale",300,0,300,0,0,0,0,300,"1Q2Y853V","annie josaph","Ramesh Raja","In Store",
"Thiruninravur",,"1569","2017-02-13 20:44:38","Sale",580,0,580,0,0,0,0,580,"1473","Deepa B","Ramesh Raja","In Store",
"Thiruninravur",,"1570","2017-02-13 20:46:07","Sale",30,0,30,0,0,0,0,30,"JAI2EX5I","rajalakshmi n","Ramesh Raja","In Store",
"Thiruninravur",,"1571","2017-02-13 20:46:57","Sale",30,0,30,0,0,0,0,30,"283","Bharathi V","Ramesh Raja","In Store",
"Thiruninravur",,"1572","2017-02-14 10:43:02","Sale",30,0,30,0,0,0,0,30,"KBY9ALCF","lalitha v","Ramesh Raja","In Store",
"Thiruninravur",,"1573","2017-02-14 10:43:48","Sale",30,0,30,0,0,0,0,30,"WPLF862H","radha n","Ramesh Raja","In Store",
"Thiruninravur",,"1574","2017-02-14 12:11:19","Sale",130,0,130,0,0,0,0,130,"DYCKV9PQ","kowsalya VR","Ramesh Raja","In Store",
"Thiruninravur",,"1575","2017-02-14 17:22:16","Sale",1980,0,1980,0,0,0,0,1980,"961HLSRD","diana A","Ramesh Raja","In Store",
"Thiruninravur",,"1576","2017-02-14 18:16:10","Sale",30,0,30,0,0,0,0,30,"568","Malavika M","Ramesh Raja","In Store",
"Thiruninravur",,"1577","2017-02-14 18:44:27","Sale",30,0,30,0,0,0,0,30,"842","Shakthi J","Ramesh Raja","In Store",
"Thiruninravur",,"1578","2017-02-14 18:45:44","Sale",300,0,300,0,0,0,0,300,"34","Sarmila V","Ramesh Raja","In Store",
"Thiruninravur",,"1579","2017-02-14 20:05:00","Sale",30,0,30,0,0,0,0,30,"1138","Ramya A","Ramesh Raja","In Store",
"Thiruninravur",,"1580","2017-02-14 20:12:52","Sale",30,0,30,0,0,0,0,30,"1137","Divya G","Ramesh Raja","In Store",
"Thiruninravur",,"1581","2017-02-14 20:20:45","Sale",30,0,30,0,0,0,0,30,"1621","RATHNA C","Ramesh Raja","In Store",
"Thiruninravur",,"1582","2017-02-14 20:24:36","Sale",30,0,30,0,0,0,0,30,"502","Ramya R","Ramesh Raja","In Store",
"Thiruninravur",,"1583","2017-02-14 20:47:12","Sale",1350,0,1350,0,0,0,0,1350,"KBY9ALCF","lalitha v","Ramesh Raja","In Store",
"Thiruninravur",,"1584","2017-02-15 10:44:11","Sale",30,0,30,0,0,0,0,30,"7NSGRHFR","Sangeetha M","Ramesh Raja","In Store",
"Thiruninravur",,"1585","2017-02-15 11:01:12","Sale",30,0,30,0,0,0,0,30,"QPCGJJBK","ANITHA S","Ramesh Raja","In Store",
"Thiruninravur",,"1586","2017-02-15 15:26:15","Sale",30,0,30,0,0,0,0,30,"7WMEYJZ6","dharminishangar s","Ramesh Raja","In Store",
"Thiruninravur",,"1587","2017-02-15 15:35:25","Sale",30,0,30,0,0,0,0,30,"4APMV3NR"," latha g","Ramesh Raja","In Store",
"Thiruninravur",,"1588","2017-02-15 17:02:01","Sale",30,0,30,0,0,0,0,30,"PYHZQA3X","Radha S","Ramesh Raja","In Store",
"Thiruninravur",,"1590","2017-02-15 17:13:24","Sale",30,0,30,0,0,0,0,30,,,"Ramesh Raja","In Store",
"Thiruninravur",,"1591","2017-02-15 17:39:42","Sale",1755,-24.99,1730,0,0,0,5,1735,"1171","Pavithra Rs","Ramesh Raja","In Store",
"Thiruninravur",,"1592","2017-02-15 17:59:38","Sale",30,0,30,0,0,0,0,30,"1631","Srilakshmi P","Ramesh Raja","In Store",
"Thiruninravur",,"1589","2017-02-15 18:13:38","Sale",1250,0,1250,0,0,0,0,1250,"N9QIITF2","RITA C","Ramesh Raja","In Store",
"Thiruninravur",,"1593","2017-02-15 19:17:34","Sale",30,0,30,0,0,0,0,30,"ZHC1CVCS","vijayapriya k","Ramesh Raja","In Store",
"Thiruninravur",,"1594","2017-02-15 19:18:53","Sale",30,0,30,0,0,0,0,30,"562","Kalaivani M","Ramesh Raja","In Store",
"Thiruninravur",,"1595","2017-02-15 19:21:26","Sale",30,0,30,0,0,0,0,30,"QFK24TRT","dimple","Ramesh Raja","In Store",
"Thiruninravur",,"1596","2017-02-15 19:35:47","Sale",350,0,350,0,0,0,0,350,"256","Sithara C","Ramesh Raja","In Store",
"Thiruninravur",,"1597","2017-02-15 19:37:01","Sale",150,0,150,0,0,0,0,150,"691","Latha B","Ramesh Raja","In Store",
"Thiruninravur",,"1598","2017-02-15 19:50:03","Sale",30,0,30,0,0,0,0,30,"WF88QVDZ","Priya B","Ramesh Raja","In Store",
"Thiruninravur",,"1599","2017-02-15 19:57:12","Sale",30,0,30,0,0,0,0,30,"112","Nithya V","Ramesh Raja","In Store",
"Thiruninravur",,"1600","2017-02-15 20:25:07","Sale",30,0,30,0,0,0,0,30,"883","Umamageswari M","Ramesh Raja","In Store",
"Thiruninravur",,"1601","2017-02-15 20:50:50","Sale",30,0,30,0,0,0,0,30,"1038","Divyabahrathi D","Ramesh Raja","In Store",
"Thiruninravur",,"1602","2017-02-16 11:25:35","Sale",30,0,30,0,0,0,0,30,"999","Devi S","Ramesh Raja","In Store",
"Thiruninravur",,"1604","2017-02-16 13:37:35","Sale",30,0,30,0,0,0,0,30,"DRGZDFHL","ananthi v","Ramesh Raja","In Store",
"Thiruninravur",,"1605","2017-02-16 14:28:33","Sale",30,0,30,0,0,0,0,30,"DRRF44Z3","asha l","Ramesh Raja","In Store",
"Thiruninravur",,"1606","2017-02-16 14:34:47","Sale",30,0,30,0,0,0,0,30,"268","Vanitha S","Ramesh Raja","In Store",
"Thiruninravur",,"1603","2017-02-16 14:59:45","Sale",1550,0,1550,0,0,0,0,1550,"159","Priya R","Ramesh Raja","In Store",
"Thiruninravur",,"1607","2017-02-16 15:07:35","Sale",75,0,75,0,0,0,0,75,"633","Geeta Kamlesh","Ramesh Raja","In Store",
"Thiruninravur",,"1608","2017-02-16 16:58:16","Sale",30,0,30,0,0,0,0,30,"BKNHQKXW","premalatha s","Ramesh Raja","In Store",
"Thiruninravur",,"1609","2017-02-16 17:00:40","Sale",30,0,30,0,0,0,0,30,"XYEBA2AC","kirubasri","Ramesh Raja","In Store",
"Thiruninravur",,"1610","2017-02-16 17:03:09","Sale",30,0,30,0,0,0,0,30,"HGKKWLS5","sangeetha m ","Ramesh Raja","In Store",
"Thiruninravur",,"1611","2017-02-16 17:06:14","Sale",250,-50,200,0,0,0,0,200,"605","Uma Mageswari","Ramesh Raja","In Store",
"Thiruninravur",,"1612","2017-02-16 17:16:55","Sale",3500,-300,3200,0,0,0,0,3200,"680","Yogapriya J","Ramesh Raja","In Store",
"Thiruninravur",,"1613","2017-02-16 17:39:35","Sale",30,0,30,0,0,0,0,30,"1504","Kani","Ramesh Raja","In Store",
"Thiruninravur",,"1614","2017-02-16 18:04:47","Sale",30,0,30,0,0,0,0,30,"1443","Sujatha V","Ramesh Raja","In Store",
"Thiruninravur",,"1615","2017-02-16 18:38:47","Sale",30,0,30,0,0,0,0,30,"VBN3AXCM","Deebiga","Ramesh Raja","In Store",
"Thiruninravur",,"1616","2017-02-16 18:40:55","Sale",30,0,30,0,0,0,0,30,"HGKKWLS5","sangeetha m ","Ramesh Raja","In Store",
"Thiruninravur",,"1617","2017-02-16 19:15:21","Sale",30,0,30,0,0,0,0,30,"93M88EGY","priya g","Ramesh Raja","In Store",
"Thiruninravur",,"1618","2017-02-16 19:17:18","Sale",30,0,30,0,0,0,0,30,"1102","Deepaa R","Ramesh Raja","In Store",
"Thiruninravur",,"1619","2017-02-16 19:48:56","Sale",50,0,50,0,0,0,0,50,"YTT1JBAE","prameela sathish kumar","Ramesh Raja","In Store",
"Thiruninravur",,"1620","2017-02-16 19:53:39","Sale",30,0,30,0,0,0,0,30,"938","Jamunarani U","Ramesh Raja","In Store",
"Thiruninravur",,"1621","2017-02-16 19:59:31","Sale",30,0,30,0,0,0,0,30,"139","Pavithra S","Ramesh Raja","In Store",
"Thiruninravur",,"1622","2017-02-16 20:13:32","Sale",30,0,30,0,0,0,0,30,"1713","Usha S","Ramesh Raja","In Store",
"Thiruninravur",,"1623","2017-02-16 20:39:00","Sale",30,0,30,0,0,0,0,30,"197","TAMILZHARASI N.U","Ramesh Raja","In Store",
"Thiruninravur",,"1624","2017-02-17 13:54:13","Sale",55,0,55,0,0,0,0,55,"45","Lalitha H","Ramesh Raja","In Store",
"Thiruninravur",,"1625","2017-02-17 18:04:44","Sale",130,0,130,0,0,0,0,130,"486","Shylaja K","Ramesh Raja","In Store",
"Thiruninravur",,"1626","2017-02-17 18:34:09","Sale",30,0,30,0,0,0,0,30,"A84JRXTW","priyadharhini r.e","Ramesh Raja","In Store",
"Thiruninravur",,"1627","2017-02-17 18:45:45","Sale",30,0,30,0,0,0,0,30,"B3PLZE5N","sonidass","Ramesh Raja","In Store",
"Thiruninravur",,"1628","2017-02-17 18:58:02","Sale",30,0,30,0,0,0,0,30,,,"Ramesh Raja","In Store",
"Thiruninravur",,"1629","2017-02-17 19:12:49","Sale",30,0,30,0,0,0,0,30,"MU7PMBIL","nandhini a r","Ramesh Raja","In Store",
"Thiruninravur",,"1630","2017-02-17 19:14:53","Sale",30,0,30,0,0,0,0,30,"DKBA19W5","kavitha t","Ramesh Raja","In Store",
"Thiruninravur",,"1631","2017-02-17 19:29:01","Sale",30,0,30,0,0,0,0,30,,,"Ramesh Raja","In Store",
"Thiruninravur",,"1632","2017-02-17 19:37:05","Sale",30,0,30,0,0,0,0,30,"561","Divya D","Ramesh Raja","In Store",
"Thiruninravur",,"1633","2017-02-18 10:19:24","Sale",55,0,55,0,0,0,0,55,"1320","Arya A","Ramesh Raja","In Store",
"Thiruninravur",,"1634","2017-02-18 10:45:11","Sale",30,0,30,0,0,0,0,30,"862","Suganya A","Ramesh Raja","In Store",
"Thiruninravur",,"1635","2017-02-18 11:22:37","Sale",30,0,30,0,0,0,0,30,"1561","Suganthi T","Ramesh Raja","In Store",
"Thiruninravur",,"1636","2017-02-18 11:30:43","Sale",30,0,30,0,0,0,0,30,"128","Suja Mathew","Ramesh Raja","In Store",
"Thiruninravur",,"1637","2017-02-18 12:10:34","Sale",30,0,30,0,0,0,0,30,"1661","Yuvarani","Ramesh Raja","In Store",
"Thiruninravur",,"1638","2017-02-18 12:28:01","Sale",30,0,30,0,0,0,0,30,,,"Ramesh Raja","In Store",
"Thiruninravur",,"1639","2017-02-18 13:31:39","Sale",580,0,580,0,0,0,0,580,"1051","Roseni Cg","Ramesh Raja","In Store",
"Thiruninravur",,"1640","2017-02-18 14:36:26","Sale",875,0,875,0,0,0,0,875,"759","Anitha V","Ramesh Raja","In Store",
"Thiruninravur",,"1641","2017-02-18 14:38:40","Sale",30,0,30,0,0,0,0,30,"112","Nithya V","Ramesh Raja","In Store",
"Thiruninravur",,"1642","2017-02-18 14:47:28","Sale",30,0,30,0,0,0,0,30,"9TP1UJ5H","sowndari j","Ramesh Raja","In Store",
"Thiruninravur",,"1643","2017-02-18 16:39:28","Sale",55,0,55,0,0,0,0,55,"1679","Rathika M","Ramesh Raja","In Store",
"Thiruninravur",,"1644","2017-02-18 16:50:12","Sale",30,0,30,0,0,0,0,30,"98","Bhavani S","Ramesh Raja","In Store",
"Thiruninravur",,"1645","2017-02-18 17:30:15","Sale",30,0,30,0,0,0,0,30,"1302","Devi Srinivasan","Ramesh Raja","In Store",
"Thiruninravur",,"1646","2017-02-18 18:07:00","Sale",30,0,30,0,0,0,0,30,"921","Swathi B","Ramesh Raja","In Store",
"Thiruninravur",,"1647","2017-02-18 18:22:12","Sale",30,0,30,0,0,0,0,30,"190","Prathiba P","Ramesh Raja","In Store",
"Thiruninravur",,"1648","2017-02-18 18:36:14","Sale",30,0,30,0,0,0,0,30,"I9MTYNRC","Kavitha K","Ramesh Raja","In Store",
"Thiruninravur",,"1649","2017-02-18 18:47:29","Sale",30,0,30,0,0,0,0,30,"XLBLRZH5","nivetha","Ramesh Raja","In Store",
"Thiruninravur",,"1650","2017-02-18 18:55:06","Sale",60,0,60,0,0,0,0,60,,,"Ramesh Raja","In Store",
"Thiruninravur",,"1651","2017-02-18 18:56:52","Sale",30,0,30,0,0,0,0,30,"RSHVTXE8","priya m","Ramesh Raja","In Store",
"Thiruninravur",,"1652","2017-02-18 19:01:22","Sale",30,0,30,0,0,0,0,30,"242","Ramya K","Ramesh Raja","In Store",
"Thiruninravur",,"1653","2017-02-18 19:07:06","Sale",45,0,45,0,0,0,0,45,"780","Sowmiya G","Ramesh Raja","In Store",
"Thiruninravur",,"1654","2017-02-18 19:27:10","Sale",300,0,300,0,0,0,0,300,"139","Pavithra S","Ramesh Raja","In Store",
"Thiruninravur",,"1655","2017-02-18 19:50:04","Sale",30,0,30,0,0,0,0,30,"DGWT4DVX","vivenya m","Ramesh Raja","In Store",
"Thiruninravur",,"1656","2017-02-18 20:07:04","Sale",130,0,130,0,0,0,0,130,"1478","Nimmi J","Ramesh Raja","In Store",
"Thiruninravur",,"1657","2017-02-18 20:09:44","Sale",30,0,30,0,0,0,0,30,"913","Anisha G","Ramesh Raja","In Store",
"Thiruninravur",,"1658","2017-02-18 20:13:20","Sale",30,0,30,0,0,0,0,30,"9Z5QPSCF","Jeevitha S","Ramesh Raja","In Store",
"Thiruninravur",,"1659","2017-02-19 10:10:43","Sale",330,0,330,0,0,0,0,330,"1638","Keerthana R","Ramesh Raja","In Store",
"Thiruninravur",,"1660","2017-02-19 11:03:35","Sale",200,0,200,0,0,0,0,200,"7KV1S7Y1","karthika thanuja","Ramesh Raja","In Store",
"Thiruninravur",,"1661","2017-02-19 15:10:51","Sale",30,0,30,0,0,0,0,30,,,"Ramesh Raja","In Store",
"Thiruninravur",,"1662","2017-02-19 15:19:15","Sale",180,0,180,0,0,0,0,180,"2","Gajalakshmi V","Ramesh Raja","In Store",
"Thiruninravur",,"1663","2017-02-19 15:23:49","Sale",1030,0,1030,0,0,0,0,1030,"RAVLU5HU","cithra a","Ramesh Raja","In Store",
"Thiruninravur",,"1664","2017-02-19 15:26:48","Sale",80,0,80,0,0,0,0,80,,,"Ramesh Raja","In Store",
"Thiruninravur",,"1665","2017-02-19 16:59:22","Sale",30,0,30,0,0,0,0,30,"PEIN9RGI","bhuwaneswari","Ramesh Raja","In Store",
"Thiruninravur",,"1668","2017-02-19 17:39:24","Sale",500,0,500,0,0,0,0,500,"EK5QJMU6","jayanthi p","Ramesh Raja","In Store",
"Thiruninravur",,"1669","2017-02-19 17:58:12","Sale",480,0,480,0,0,0,0,480,"IN4FRRJT","jamuna t","Ramesh Raja","In Store",
"Thiruninravur",,"1666","2017-02-19 18:20:44","Sale",1980,0,1980,0,0,0,0,1980,"1270","Ojal Dubey","Ramesh Raja","In Store",
"Thiruninravur",,"1670","2017-02-19 18:26:24","Sale",30,0,30,0,0,0,0,30,"JEKCREMQ","Anitha M","Ramesh Raja","In Store",
"Thiruninravur",,"1671","2017-02-19 18:56:00","Sale",350,0,350,0,0,0,0,350,"1108","Prashanthi J","Ramesh Raja","In Store",
"Thiruninravur",,"1672","2017-02-19 19:27:53","Sale",55,0,55,0,0,0,0,55,"390","Ravathishree R","Ramesh Raja","In Store",
"Thiruninravur",,"1673","2017-02-19 19:29:38","Sale",100,0,100,0,0,0,0,100,"713","Malathi G","Ramesh Raja","In Store",
"Thiruninravur",,"1674","2017-02-19 19:31:14","Sale",60,0,60,0,0,0,0,60,"992","Paridha M","Ramesh Raja","In Store",
"Thiruninravur",,"1667","2017-02-19 19:32:33","Sale",325,0,325,0,0,0,0,325,"TW52SSYI","sangeetha l","Ramesh Raja","In Store",
"Thiruninravur",,"1675","2017-02-19 19:33:18","Sale",30,0,30,0,0,0,0,30,"1626","Chira R","Ramesh Raja","In Store",
"Thiruninravur",,"1676","2017-02-19 19:39:07","Sale",300,0,300,0,0,0,0,300,"RAVLU5HU","cithra a","Ramesh Raja","In Store",
"Thiruninravur",,"1677","2017-02-19 19:42:30","Sale",1230,0,1230,0,0,0,0,1230,"143","Kokila M","Ramesh Raja","In Store",
"Thiruninravur",,"1678","2017-02-20 11:42:39","Sale",30,0,30,0,0,0,0,30,"ZJAPQBPR","Bhuvana","Ramesh Raja","In Store",
"Thiruninravur",,"1679","2017-02-20 13:13:40","Sale",150,0,150,0,0,0,0,150,"1496","Dilli dharshini B","Ramesh Raja","In Store",
"Thiruninravur",,"1680","2017-02-20 16:26:44","Sale",30,0,30,0,0,0,0,30,"429","Sowmya Gopal","Ramesh Raja","In Store",
"Thiruninravur",,"1681","2017-02-20 17:16:49","Sale",480,-100,380,0,0,0,0,380,,,"Ramesh Raja","In Store",
"Thiruninravur",,"1682","2017-02-20 17:30:23","Sale",30,0,30,0,0,0,0,30,"UUGHHR49","majjula","Ramesh Raja","In Store",
"Thiruninravur",,"1683","2017-02-20 18:33:14","Sale",100,0,100,0,0,0,0,100,"5G98F3FF","Kavithia Mohan","Ramesh Raja","In Store",
"Thiruninravur",,"1684","2017-02-20 18:35:51","Sale",530,0,530,0,0,0,0,530,"1363","Malathi Srinivasan","Ramesh Raja","In Store",
"Thiruninravur",,"1685","2017-02-20 18:40:42","Sale",30,0,30,0,0,0,0,30,"8P57717L","monisha britto m","Ramesh Raja","In Store",
"Thiruninravur",,"1686","2017-02-20 18:47:04","Sale",100,0,100,0,0,0,0,100,"IVJHG5Z5","oviya p","Ramesh Raja","In Store",
"Thiruninravur",,"1687","2017-02-20 18:48:45","Sale",30,0,30,0,0,0,0,30,"291","Vasumathi G","Ramesh Raja","In Store",
"Thiruninravur",,"1688","2017-02-20 18:51:53","Sale",60,0,60,0,0,0,0,60,,,"Ramesh Raja","In Store",
"Thiruninravur",,"1689","2017-02-20 19:31:02","Sale",30,0,30,0,0,0,0,30,"1378","Saranya Murali","Ramesh Raja","In Store",
"Thiruninravur",,"1690","2017-02-20 20:38:02","Sale",30,0,30,0,0,0,0,30,,,"Ramesh Raja","In Store",
"Thiruninravur",,"1691","2017-02-21 10:51:35","Sale",30,0,30,0,0,0,0,30,"WF88QVDZ","Priya B","Ramesh Raja","In Store",
"Thiruninravur",,"1692","2017-02-21 11:02:53","Sale",30,0,30,0,0,0,0,30,"690","Thangamani B","Ramesh Raja","In Store",
"Thiruninravur",,"1693","2017-02-21 11:06:34","Sale",30,0,30,0,0,0,0,30,"1024","Bhavani V","Ramesh Raja","In Store",
"Thiruninravur",,"1694","2017-02-21 11:21:56","Sale",30,0,30,0,0,0,0,30,"619","Bakyalakshmi S","Ramesh Raja","In Store",
"Thiruninravur",,"1695","2017-02-21 12:44:08","Sale",925,0,925,0,0,0,0,925,"292","Sarumathi R","Ramesh Raja","In Store",
"Thiruninravur",,"1696","2017-02-21 14:43:50","Sale",430,0,430,0,0,0,0,430,"SNXGQXCK","Shavanthi V","Ramesh Raja","In Store",
"Thiruninravur",,"1697","2017-02-21 14:46:58","Sale",505,0,505,0,0,0,0,505,"QCVGUCB5","Rachel P","Ramesh Raja","In Store",
"Thiruninravur",,"1698","2017-02-21 15:52:01","Sale",30,0,30,0,0,0,0,30,"1608","Srilaja T.p","Ramesh Raja","In Store",
"Thiruninravur",,"1699","2017-02-21 18:01:39","Sale",30,0,30,0,0,0,0,30,"659","Janani L","Ramesh Raja","In Store",
"Thiruninravur",,"1700","2017-02-21 19:05:48","Sale",30,0,30,0,0,0,0,30,"265","Malathi M","Ramesh Raja","In Store",
"Thiruninravur",,"1701","2017-02-21 19:26:05","Sale",530,0,530,0,0,0,0,530,"SS39CDP4","Revathi","Ramesh Raja","In Store",
"Thiruninravur",,"1702","2017-02-21 19:26:59","Sale",30,0,30,0,0,0,0,30,"624","Ambika G","Ramesh Raja","In Store",
"Thiruninravur",,"1703","2017-02-21 19:56:23","Sale",30,0,30,0,0,0,0,30,"1010","Devi Ravi","Ramesh Raja","In Store",
"Thiruninravur",,"1704","2017-02-21 20:39:29","Sale",60,0,60,0,0,0,0,60,,,"Ramesh Raja","In Store",
"Thiruninravur",,"1705","2017-02-22 19:23:55","Sale",30,0,30,0,0,0,0,30,"891","Senbagavalli S","Ramesh Raja","In Store",
"Thiruninravur",,"1706","2017-02-22 19:24:38","Sale",30,0,30,0,0,0,0,30,"423","Nadhira A","Ramesh Raja","In Store",
"Thiruninravur",,"1707","2017-02-22 19:28:17","Sale",30,0,30,0,0,0,0,30,"841","Sivaranjani S","Ramesh Raja","In Store",
"Thiruninravur",,"1708","2017-02-22 19:29:15","Sale",30,0,30,0,0,0,0,30,"756","Subashini V","Ramesh Raja","In Store",
"Thiruninravur",,"1709","2017-02-22 19:30:16","Sale",30,0,30,0,0,0,0,30,"HIZ16VM9","radhika p","Ramesh Raja","In Store",
"Thiruninravur",,"1710","2017-02-22 19:31:33","Sale",30,0,30,0,0,0,0,30,"1042","Shanthini M","Ramesh Raja","In Store",
"Thiruninravur",,"1711","2017-02-22 19:36:00","Sale",30,0,30,0,0,0,0,30,"1578","Caroline F","Ramesh Raja","In Store",
"Thiruninravur",,"1712","2017-02-22 20:09:30","Sale",5000,-500,4500,0,0,0,0,4500,"325","Abarna S","Ramesh Raja","In Store",
"Thiruninravur",,"1713","2017-02-22 20:13:31","Sale",30,0,30,0,0,0,0,30,"325","Abarna S","Ramesh Raja","In Store",
"Thiruninravur",,"1714","2017-02-22 20:21:51","Sale",30,0,30,0,0,0,0,30,"1537","Komathi K","Ramesh Raja","In Store",
"Thiruninravur",,"1715","2017-02-22 20:35:03","Sale",50,0,50,0,0,0,0,50,"1580","Mohana V","Ramesh Raja","In Store",
"Thiruninravur",,"1716","2017-02-22 20:42:02","Sale",855,0,855,0,0,0,0,855,"1581","Vidhya A","Ramesh Raja","In Store",
"Thiruninravur",,"1717","2017-02-23 11:22:57","Sale",30,0,30,0,0,0,0,30,"KQ1IUFHP","navani","Ramesh Raja","In Store",
"Thiruninravur",,"1718","2017-02-23 11:29:23","Sale",30,0,30,0,0,0,0,30,"X3HFA6KT","Dhanalakshmi L","Ramesh Raja","In Store",
"Thiruninravur",,"1719","2017-02-23 11:32:59","Sale",55,0,55,0,0,0,0,55,"HF8AZ11X","Ramalakshmi L","Ramesh Raja","In Store",
"Thiruninravur",,"1720","2017-02-23 11:36:27","Sale",30,0,30,0,0,0,0,30,"P9LNP6BE","Santhiya V","Ramesh Raja","In Store",
"Thiruninravur",,"1721","2017-02-23 11:38:08","Sale",30,0,30,0,0,0,0,30,,,"Ramesh Raja","In Store",
"Thiruninravur",,"1722","2017-02-23 11:39:26","Sale",30,0,30,0,0,0,0,30,"9IWF3LNB","Aswini M","Ramesh Raja","In Store",
"Thiruninravur",,"1723","2017-02-23 11:40:38","Sale",30,0,30,0,0,0,0,30,"1460","Sasikala R","Ramesh Raja","In Store",
"Thiruninravur",,"1724","2017-02-23 11:44:10","Sale",30,0,30,0,0,0,0,30,"1551","Pavithra J","Ramesh Raja","In Store",
"Thiruninravur",,"1725","2017-02-23 11:52:23","Sale",30,0,30,0,0,0,0,30,"Y9E6HC1N","Priyanka","Ramesh Raja","In Store",
"Thiruninravur",,"1726","2017-02-23 11:55:22","Sale",30,0,30,0,0,0,0,30,"ZYMKX2YF","Nithya A","Ramesh Raja","In Store",
"Thiruninravur",,"1727","2017-02-23 12:00:13","Sale",30,0,30,0,0,0,0,30,"XVLQ8K5W","Raelha L","Ramesh Raja","In Store",
"Thiruninravur",,"1728","2017-02-23 12:02:29","Sale",30,0,30,0,0,0,0,30,"KRYG9DIS","Dhanalakshmi J","Ramesh Raja","In Store",
"Thiruninravur",,"1729","2017-02-23 12:05:25","Sale",55,0,55,0,0,0,0,55,"MDSCB5H6","Umasrinath","Ramesh Raja","In Store",
"Thiruninravur",,"1730","2017-02-23 12:53:11","Sale",30,0,30,0,0,0,0,30,"FQ714TYZ","sinduja t","Ramesh Raja","In Store",
"Thiruninravur",,"1731","2017-02-23 13:13:28","Sale",30,0,30,0,0,0,0,30,"474","Rathika K","Ramesh Raja","In Store",
"Thiruninravur",,"1732","2017-02-23 13:17:53","Sale",30,0,30,0,0,0,0,30,"EGTDZT94","Swetha K","Ramesh Raja","In Store",
"Thiruninravur",,"1733","2017-02-23 13:22:57","Sale",30,0,30,0,0,0,0,30,"1162","Janani V","Ramesh Raja","In Store",
"Thiruninravur",,"1734","2017-02-23 15:50:34","Sale",30,0,30,0,0,0,0,30,"871","Indumathi R","Ramesh Raja","In Store",
"Thiruninravur",,"1735","2017-02-23 16:47:42","Sale",1930,0,1930,0,0,0,0,1930,"IP3HDIBJ","hemalatha d","Ramesh Raja","In Store",
"Thiruninravur",,"1736","2017-02-23 16:52:18","Sale",55,0,55,0,0,0,0,55,"66","Vimala G","Ramesh Raja","In Store",
"Thiruninravur",,"1737","2017-02-23 16:55:49","Sale",350,0,350,0,0,0,0,350,"797","Anuradha R","Ramesh Raja","In Store",
"Thiruninravur",,"1738","2017-02-23 17:30:47","Sale",60,0,60,0,0,0,0,60,"1290","Pooja M","Ramesh Raja","In Store",
"Thiruninravur",,"1739","2017-02-23 18:29:19","Sale",30,0,30,0,0,0,0,30,"AEFVKT42","divya s","Ramesh Raja","In Store",
"Thiruninravur",,"1740","2017-02-23 19:57:25","Sale",60,0,60,0,0,0,0,60,,,"Ramesh Raja","In Store",
"Thiruninravur",,"1741","2017-02-23 19:58:39","Sale",55,0,55,0,0,0,0,55,"646","Vaishnavi Sampath","Ramesh Raja","In Store",
"Thiruninravur",,"1742","2017-02-23 20:03:27","Sale",30,0,30,0,0,0,0,30,,,"Ramesh Raja","In Store",
"Thiruninravur",,"1744","2017-02-24 09:50:32","Sale",30,0,30,0,0,0,0,30,"S4DR1844","priya ramesh","Ramesh Raja","In Store",
"Thiruninravur",,"1745","2017-02-24 12:58:52","Sale",30,0,30,0,0,0,0,30,"230","Nandhini R","Ramesh Raja","In Store",
"Thiruninravur",,"1746","2017-02-24 15:06:51","Sale",30,0,30,0,0,0,0,30,"374","Nagomi G","Ramesh Raja","In Store",
"Thiruninravur",,"1747","2017-02-24 15:38:03","Sale",100,0,100,0,0,0,0,100,"NI1H75F9","Vishnavi H","Ramesh Raja","In Store",
"Thiruninravur",,"1748","2017-02-24 16:35:13","Sale",150,0,150,0,0,0,0,150,"1301","Dorcas J","Ramesh Raja","In Store",
"Thiruninravur",,"1749","2017-02-24 16:37:42","Sale",130,0,130,0,0,0,0,130,"636","Rosely M","Ramesh Raja","In Store",
"Thiruninravur",,"1750","2017-02-24 17:31:17","Sale",30,0,30,0,0,0,0,30,"J8VW8YHC","bhuvana K","Ramesh Raja","In Store",
"Thiruninravur",,"1751","2017-02-24 17:33:26","Sale",30,0,30,0,0,0,0,30,"TLCPFKI6","malathi R","Ramesh Raja","In Store",
"Thiruninravur",,"1752","2017-02-24 18:32:34","Sale",55,0,55,0,0,0,0,55,"251","Hemalatha B","Ramesh Raja","In Store",
"Thiruninravur",,"1753","2017-02-24 18:40:21","Sale",55,0,55,0,0,0,0,55,"MZGS71IK","sowmiya ravikumar","Ramesh Raja","In Store",
"Thiruninravur",,"1754","2017-02-24 19:04:08","Sale",30,0,30,0,0,0,0,30,"Y1GPN2J8","vijaya dharshini T","Ramesh Raja","In Store",
"Thiruninravur",,"1755","2017-02-24 19:18:50","Sale",30,0,30,0,0,0,0,30,"JPILZ253","celin malar","Ramesh Raja","In Store",
"Thiruninravur",,"1756","2017-02-24 19:35:30","Sale",380,0,380,0,0,0,0,380,"HL4SBI1D","saranya a","Ramesh Raja","In Store",
"Thiruninravur",,"1757","2017-02-24 19:36:35","Sale",30,0,30,0,0,0,0,30,"141","Jayanthi G","Ramesh Raja","In Store",
"Thiruninravur",,"1758","2017-02-24 19:48:11","Sale",30,0,30,0,0,0,0,30,"1494","Bakyalakshmi Prema","Ramesh Raja","In Store",
"Thiruninravur",,"1759","2017-02-25 09:57:00","Sale",100,0,100,0,0,0,0,100,"UVFFF3ML","lakshmi r","Ramesh Raja","In Store",
"Thiruninravur",,"1760","2017-02-25 11:05:52","Sale",30,0,30,0,0,0,0,30,"7U8NMW1G","Usha S","Ramesh Raja","In Store",
"Thiruninravur",,"1761","2017-02-25 12:03:28","Sale",355,0,355,0,0,0,0,355,"1630","Banupriya D","Ramesh Raja","In Store",
"Thiruninravur",,"1762","2017-02-25 13:27:49","Sale",1030,0,1030,0,0,0,0,1030,"9BMJID8I","haritha p","Ramesh Raja","In Store",
"Thiruninravur",,"1763","2017-02-25 14:07:36","Sale",1050,0,1050,0,0,0,0,1050,"6DBK2KMB","thangameera r","Ramesh Raja","In Store",
"Thiruninravur",,"1764","2017-02-25 14:17:51","Sale",30,0,30,0,0,0,0,30,,,"Ramesh Raja","In Store",
"Thiruninravur",,"1765","2017-02-25 16:28:58","Sale",30,0,30,0,0,0,0,30,"2IURG6ZZ","anniejosh a","Ramesh Raja","In Store",
"Thiruninravur",,"1766","2017-02-25 16:38:52","Sale",30,0,30,0,0,0,0,30,"732","Sumadhi D","Ramesh Raja","In Store",
"Thiruninravur",,"1767","2017-02-25 17:17:57","Sale",330,0,330,0,0,0,0,330,,,"Ramesh Raja","In Store",
"Thiruninravur",,"1768","2017-02-25 17:30:58","Sale",30,0,30,0,0,0,0,30,,,"Ramesh Raja","In Store",
"Thiruninravur",,"1769","2017-02-25 17:50:25","Sale",180,0,180,0,0,0,0,180,"9PJSFRY5","Sanjana BA","Ramesh Raja","In Store",
"Thiruninravur",,"1770","2017-02-25 19:42:04","Sale",30,0,30,0,0,0,0,30,"623","Esther N","Ramesh Raja","In Store",
"Thiruninravur",,"1771","2017-02-25 19:42:48","Sale",30,0,30,0,0,0,0,30,"87","Rohini M","Ramesh Raja","In Store",
"Thiruninravur",,"1772","2017-02-25 19:44:55","Sale",530,0,530,0,0,0,0,530,"1049","JAYASRI C","Ramesh Raja","In Store",
"Thiruninravur",,"1773","2017-02-25 19:46:29","Sale",30,0,30,0,0,0,0,30,"4J6YSEJJ","VARALAKSHMI N","Ramesh Raja","In Store",
"Thiruninravur",,"1774","2017-02-25 19:47:42","Sale",30,0,30,0,0,0,0,30,"1103","Sowpaniga T","Ramesh Raja","In Store",
"Thiruninravur",,"1775","2017-02-25 20:14:18","Sale",30,0,30,0,0,0,0,30,"1744","Keerthana V","Ramesh Raja","In Store",
"Thiruninravur",,"1776","2017-02-25 20:19:03","Sale",30,0,30,0,0,0,0,30,"4QRWQKD3","Harini V","Ramesh Raja","In Store",
"Thiruninravur",,"1777","2017-02-26 11:02:14","Sale",60,0,60,0,0,0,0,60,"ICLYXYWT","mary 9840890130","Ramesh Raja","In Store",
"Thiruninravur",,"1778","2017-02-26 11:34:37","Sale",55,0,55,0,0,0,0,55,"7S5WVZHN","kiruba samuvel","Ramesh Raja","In Store",
"Thiruninravur",,"1779","2017-02-26 11:56:41","Sale",60,0,60,0,0,0,0,60,"997","Poornima V","Ramesh Raja","In Store",
"Thiruninravur",,"1780","2017-02-26 12:35:50","Sale",150,0,150,0,0,0,0,150,"1760","DHANISHTA","Ramesh Raja","In Store",
"Thiruninravur",,"1781","2017-02-26 13:02:00","Sale",530,0,530,0,0,0,0,530,"WVTVTMBM","ramya v","Ramesh Raja","In Store",
"Thiruninravur",,"1782","2017-02-26 13:31:19","Sale",200,0,200,0,0,0,0,200,"N2TWWSMY","priya","Ramesh Raja","In Store",
"Thiruninravur",,"1783","2017-02-26 13:34:35","Sale",30,0,30,0,0,0,0,30,"1110","Chitra K","Ramesh Raja","In Store",
"Thiruninravur",,"1784","2017-02-26 13:58:10","Sale",550,0,550,0,0,0,0,550,"196","Kavitha M","Ramesh Raja","In Store",
"Thiruninravur",,"1785","2017-02-26 13:59:41","Sale",300,0,300,0,0,0,0,300,"196","Kavitha M","Ramesh Raja","In Store",
"Thiruninravur",,"1786","2017-02-26 14:09:45","Sale",150,0,150,0,0,0,0,150,"9498109608","sanciamalar M","Ramesh Raja","In Store",
"Thiruninravur",,"1787","2017-02-26 15:42:36","Sale",30,0,30,0,0,0,0,30,"1623","Jayasri H","Ramesh Raja","In Store",
"Thiruninravur",,"1788","2017-02-26 16:05:56","Sale",30,0,30,0,0,0,0,30,"229","Bakyalakshmi P","Ramesh Raja","In Store",
"Thiruninravur",,"1789","2017-02-26 16:07:11","Sale",55,0,55,0,0,0,0,55,"1166","Jothi Nd","Ramesh Raja","In Store",
"Thiruninravur",,"1790","2017-02-26 16:15:46","Sale",550,0,550,0,0,0,0,550,"FY3XUSQ3","varalakshmi l","Ramesh Raja","In Store",
"Thiruninravur",,"1791","2017-02-26 18:34:31","Sale",130,0,130,0,0,0,0,130,"Q5XJ1WKE","kavitha m","Ramesh Raja","In Store",
"Thiruninravur",,"1792","2017-02-26 18:47:40","Sale",30,0,30,0,0,0,0,30,"1773","PAVITHRA SP","Ramesh Raja","In Store",
"Thiruninravur",,"1793","2017-02-26 18:59:30","Sale",30,0,30,0,0,0,0,30,"1719","NIRMALA R","Ramesh Raja","In Store",
"Thiruninravur",,"1794","2017-02-26 19:32:27","Sale",180,0,180,0,0,0,0,180,"SKZ84U4A","Praveena P","Ramesh Raja","In Store",
"Thiruninravur",,"1795","2017-02-26 20:23:51","Sale",950,-950,0,0,0,0,0,0,"WVTVTMBM","ramya v","Ramesh Raja","In Store",
"Thiruninravur",,"1796","2017-02-27 12:45:12","Sale",350,0,350,0,0,0,0,350,"457","Priya A","Ramesh Raja","In Store",
"Thiruninravur",,"1797","2017-02-27 13:59:14","Sale",30,0,30,0,0,0,0,30,"269","Swarnamugi R","Ramesh Raja","In Store",
"Thiruninravur",,"1798","2017-02-27 14:40:36","Sale",30,0,30,0,0,0,0,30,"81","Manimozhi G","Ramesh Raja","In Store",
"Thiruninravur",,"1799","2017-02-27 16:24:24","Sale",100,0,100,0,0,0,0,100,,,"Ramesh Raja","In Store",
"Thiruninravur",,"1800","2017-02-27 16:40:03","Sale",30,0,30,0,0,0,0,30,"LWWSABAF","Sheetha lakshmi S","Ramesh Raja","In Store",
"Thiruninravur",,"1801","2017-02-27 16:44:37","Sale",30,0,30,0,0,0,0,30,"MLCXQG8F","Prabhavathi E","Ramesh Raja","In Store",
"Thiruninravur",,"1802","2017-02-27 16:59:14","Sale",30,0,30,0,0,0,0,30,"1012","Lekha saravanan","Ramesh Raja","In Store",
"Thiruninravur",,"1803","2017-02-27 17:48:57","Sale",30,0,30,0,0,0,0,30,"1748","Vaishnavi K","Ramesh Raja","In Store",
"Thiruninravur",,"1804","2017-02-27 18:04:57","Sale",30,0,30,0,0,0,0,30,"206","Girija G","Ramesh Raja","In Store",
"Thiruninravur",,"1805","2017-02-27 18:24:15","Sale",30,0,30,0,0,0,0,30,"361","Bharathi H","Ramesh Raja","In Store",
"Thiruninravur",,"1806","2017-02-27 18:25:29","Sale",30,0,30,0,0,0,0,30,"1008","Visalatchi S","Ramesh Raja","In Store",
"Thiruninravur",,"1807","2017-02-27 18:43:28","Sale",30,0,30,0,0,0,0,30,"515","Bavani M","Ramesh Raja","In Store",
"Thiruninravur",,"1808","2017-02-27 18:57:59","Sale",30,0,30,0,0,0,0,30,"VDPSTFKS","shanthi p","Ramesh Raja","In Store",
"Thiruninravur",,"1809","2017-02-27 19:22:41","Sale",60,0,60,0,0,0,0,60,"Z4WFLTF7","Priyanka R","Ramesh Raja","In Store",
"Thiruninravur",,"1810","2017-02-27 19:53:00","Sale",1430,0,1430,0,0,0,0,1430,"1807","Soniya devi D","Ramesh Raja","In Store",
"Thiruninravur",,"1811","2017-02-28 09:55:07","Sale",30,0,30,0,0,0,0,30,"8TJZG3QM","devi n","Ramesh Raja","In Store",