"Branch Name","Branch Code","Invoice Number","Invoice Date","Invoice Type","Item Amount","Charge Amount","Gross Amount","Discounts","Net Amount","Taxes","Rounding","Tip","Total","Customer Id","Customer Name","Sale By","Channel","Label"
"Thiruninravur",,"910","2017-01-03 19:23:21","Sale",30,0,30,0,30,0,0,0,30,"1","Pushpalatha Kumar","Ramesh Raja","In Store",
"Thiruninravur",,"911","2017-01-03 19:29:13","Sale",60,0,60,0,60,0,0,0,60,"3ZPM1KY1","kavitha a","Ramesh Raja","In Store",
"Thiruninravur",,"913","2017-01-03 20:12:00","Sale",60,0,60,0,60,0,0,0,60,"764","Gajalakshmi V","Ramesh Raja","In Store",
"Thiruninravur",,"914","2017-01-03 20:12:58","Sale",50,0,50,0,50,0,0,0,50,"457","Priya A","Ramesh Raja","In Store",
"Thiruninravur",,"915","2017-01-03 20:29:55","Sale",1480,0,1480,-200,1280,0,0,0,1280,"G4D3NY6D","priyanga y","Ramesh Raja","In Store",
"Thiruninravur",,"916","2017-01-03 20:36:51","Sale",300,0,300,0,300,0,0,0,300,"Z2193T4A","prithi","Ramesh Raja","In Store",
"Thiruninravur",,"917","2017-01-04 17:56:33","Sale",2500,0,2500,-400,2100,0,0,0,2100,"M8537HWT","anandhi c","Ramesh Raja","In Store",
"Thiruninravur",,"918","2017-01-04 18:28:29","Sale",30,0,30,0,30,0,0,0,30,"1098","Umamageswari G","Ramesh Raja","In Store",
"Thiruninravur",,"919","2017-01-04 18:29:24","Sale",30,0,30,0,30,0,0,0,30,"145","Suriya S","Ramesh Raja","In Store",
"Thiruninravur",,"920","2017-01-04 18:33:40","Sale",30,0,30,0,30,0,0,0,30,"FY3XUSQ3","varalakshmi l","Ramesh Raja","In Store",
"Thiruninravur",,"921","2017-01-04 18:35:34","Sale",30,0,30,0,30,0,0,0,30,"325","Abarna S","Ramesh Raja","In Store",
"Thiruninravur",,"922","2017-01-04 18:38:33","Sale",150,0,150,0,150,0,0,0,150,"LS6JQEK7","srimathi.j","Ramesh Raja","In Store",
"Thiruninravur",,"923","2017-01-04 18:40:25","Sale",30,0,30,0,30,0,0,0,30,"1YC9HM7C","puvaneshwari p","Ramesh Raja","In Store",
"Thiruninravur",,"924","2017-01-04 18:42:01","Sale",60,0,60,0,60,0,0,0,60,,,"Ramesh Raja","In Store",
"Thiruninravur",,"925","2017-01-04 18:42:48","Sale",30,0,30,0,30,0,0,0,30,"292","Sarumathi R","Ramesh Raja","In Store",
"Thiruninravur",,"926","2017-01-04 18:49:11","Sale",30,0,30,0,30,0,0,0,30,"1362","Ranga Nayagi N","Ramesh Raja","In Store",
"Thiruninravur",,"927","2017-01-04 19:13:31","Sale",30,0,30,0,30,0,0,0,30,"C4S7F71W","meena j","Ramesh Raja","In Store",
"Thiruninravur",,"928","2017-01-04 19:53:06","Sale",60,0,60,0,60,0,0,0,60,"764","Gajalakshmi V","Ramesh Raja","In Store",
"Thiruninravur",,"929","2017-01-04 19:55:59","Sale",30,0,30,0,30,0,0,0,30,"457","Priya A","Ramesh Raja","In Store",
"Thiruninravur",,"930","2017-01-04 20:10:21","Sale",30,0,30,0,30,0,0,0,30,"219","Gomathi K","Ramesh Raja","In Store",
"Thiruninravur",,"931","2017-01-04 20:14:14","Sale",30,0,30,0,30,0,0,0,30,"CQ86ZS55","p rosy","Ramesh Raja","In Store",
"Thiruninravur",,"932","2017-01-04 20:21:40","Sale",900,0,900,0,900,0,0,0,900,"YU7BFSE1","srirekha a","Ramesh Raja","In Store",
"Thiruninravur",,"933","2017-01-05 12:47:46","Sale",30,0,30,0,30,0,0,0,30,"PEIN9RGI","bhuwaneswari","Ramesh Raja","In Store",
"Thiruninravur",,"934","2017-01-05 12:51:47","Sale",30,0,30,0,30,0,0,0,30,"DRGZDFHL","ananthi v","Ramesh Raja","In Store",
"Thiruninravur",,"935","2017-01-05 12:55:16","Sale",30,0,30,0,30,0,0,0,30,"4APMV3NR"," latha g","Ramesh Raja","In Store",
"Thiruninravur",,"936","2017-01-05 13:01:00","Sale",80,0,80,0,80,0,0,0,80,"HGKKWLS5","sangeetha m ","Ramesh Raja","In Store",
"Thiruninravur",,"937","2017-01-05 13:03:24","Sale",30,0,30,0,30,0,0,0,30,"1430","Selvi Sundar","Ramesh Raja","In Store",
"Thiruninravur",,"938","2017-01-05 13:06:51","Sale",30,0,30,0,30,0,0,0,30,"JIXYTK8H","rekha m","Ramesh Raja","In Store",
"Thiruninravur",,"939","2017-01-05 13:12:06","Sale",30,0,30,0,30,0,0,0,30,"CCM837E9","ramya b","Ramesh Raja","In Store",
"Thiruninravur",,"940","2017-01-05 13:15:15","Sale",30,0,30,0,30,0,0,0,30,"NMXKJC7U","suwathi r","Ramesh Raja","In Store",
"Thiruninravur",,"941","2017-01-05 13:33:58","Sale",150,0,150,0,150,0,0,0,150,"518","Vanitha Sitharaman","Ramesh Raja","In Store",
"Thiruninravur",,"942","2017-01-05 13:49:09","Sale",350,0,350,0,350,0,0,0,350,"K9Q96IBZ","ranjani v[28 03 96]","Ramesh Raja","In Store",
"Thiruninravur",,"943","2017-01-05 13:53:33","Sale",30,0,30,0,30,0,0,0,30,"PKMHVPHI","anjaiai","Ramesh Raja","In Store",
"Thiruninravur",,"944","2017-01-05 13:59:04","Sale",25,0,25,0,25,0,0,0,25,"TW52SSYI","sangeetha l","Ramesh Raja","In Store",
"Thiruninravur",,"946","2017-01-05 16:34:52","Sale",30,0,30,0,30,0,0,0,30,"BVPWKD4H","ranganayaki n","Ramesh Raja","In Store",
"Thiruninravur",,"947","2017-01-05 16:37:58","Sale",30,0,30,0,30,0,0,0,30,"C4S7F71W","meena j","Ramesh Raja","In Store",
"Thiruninravur",,"948","2017-01-05 16:40:22","Sale",30,0,30,0,30,0,0,0,30,"1406","Saranya Srinivasan","Ramesh Raja","In Store",
"Thiruninravur",,"949","2017-01-05 16:46:23","Sale",30,0,30,0,30,0,0,0,30,"1503","Lakshmi Sl","Ramesh Raja","In Store",
"Thiruninravur",,"950","2017-01-05 16:49:41","Sale",25,0,25,0,25,0,0,0,25,"4NRHLGDQ","sridevi","Ramesh Raja","In Store",
"Thiruninravur",,"951","2017-01-05 16:55:50","Sale",100,0,100,0,100,0,0,0,100,"HKEJ1PI2","sharan","Ramesh Raja","In Store",
"Thiruninravur",,"952","2017-01-05 17:00:51","Sale",60,0,60,0,60,0,0,0,60,"JE2KD51Z","naveedha","Ramesh Raja","In Store",
"Thiruninravur",,"954","2017-01-05 17:14:25","Sale",30,0,30,0,30,0,0,0,30,"WVX9TKIH","sheeje","Ramesh Raja","In Store",
"Thiruninravur",,"955","2017-01-05 17:15:51","Sale",150,0,150,0,150,0,0,0,150,"1290","Pooja M","Ramesh Raja","In Store",
"Thiruninravur",,"956","2017-01-05 20:39:59","Sale",350,0,350,0,350,0,0,0,350,"538","Jasmine P","Ramesh Raja","In Store",
"Thiruninravur",,"957","2017-01-06 11:42:35","Sale",30,0,30,0,30,0,0,0,30,"1764","Kokila M","Ramesh Raja","In Store",
"Thiruninravur",,"958","2017-01-06 11:45:23","Sale",30,0,30,0,30,0,0,0,30,"QQRZA7BE","kalaiarasi","Ramesh Raja","In Store",
"Thiruninravur",,"959","2017-01-06 11:55:55","Sale",30,0,30,0,30,0,0,0,30,"X8IKT5KC","priya p","Ramesh Raja","In Store",
"Thiruninravur",,"960","2017-01-06 12:03:17","Sale",30,0,30,0,30,0,0,0,30,"YCQUBECP","sofiya m","Ramesh Raja","In Store",
"Thiruninravur",,"961","2017-01-06 12:04:20","Sale",30,0,30,0,30,0,0,0,30,"353","Sivasankari E","Ramesh Raja","In Store",
"Thiruninravur",,"962","2017-01-06 12:07:43","Sale",30,0,30,0,30,0,0,0,30,"QJSYWQPY","savthi B","Ramesh Raja","In Store",
"Thiruninravur",,"963","2017-01-06 12:10:33","Sale",30,0,30,0,30,0,0,0,30,"JEKCREMQ","Anitha M","Ramesh Raja","In Store",
"Thiruninravur",,"964","2017-01-06 12:13:03","Sale",30,0,30,0,30,0,0,0,30,"89DEB8PV","Anitha M","Ramesh Raja","In Store",
"Thiruninravur",,"965","2017-01-06 12:16:40","Sale",30,0,30,0,30,0,0,0,30,"WF88QVDZ","Priya B","Ramesh Raja","In Store",
"Thiruninravur",,"966","2017-01-06 12:18:52","Sale",30,0,30,0,30,0,0,0,30,"JW9XPZH3","Rajitha E","Ramesh Raja","In Store",
"Thiruninravur",,"967","2017-01-06 14:54:09","Sale",150,0,150,0,150,0,0,0,150,"DQRUS31N","pranitha","Ramesh Raja","In Store",
"Thiruninravur",,"968","2017-01-06 15:51:35","Sale",30,0,30,0,30,0,0,0,30,"1012","Lekha saravanan","Ramesh Raja","In Store",
"Thiruninravur",,"969","2017-01-06 15:53:56","Sale",30,0,30,0,30,0,0,0,30,"1012","Lekha saravanan","Ramesh Raja","In Store",
"Thiruninravur",,"970","2017-01-06 16:37:59","Sale",30,0,30,0,30,0,0,0,30,"UUGHHR49","majjula","Ramesh Raja","In Store",
"Thiruninravur",,"971","2017-01-06 16:39:32","Sale",30,0,30,0,30,0,0,0,30,"ZEQH1JNZ","devi m","Ramesh Raja","In Store",
"Thiruninravur",,"972","2017-01-06 18:44:23","Sale",380,0,380,0,380,0,0,0,380,"345","Saranya B","Ramesh Raja","In Store",
"Thiruninravur",,"973","2017-01-06 18:46:13","Sale",60,0,60,0,60,0,0,0,60,"1052","Ramya Prabu","Ramesh Raja","In Store",
"Thiruninravur",,"974","2017-01-06 18:52:02","Sale",980,0,980,-200,780,0,0,0,780,"543","Monisha R","Ramesh Raja","In Store",
"Thiruninravur",,"975","2017-01-06 18:59:13","Sale",1830,0,1830,-285,1545,0,0,0,1545,"289","SIMILALSINGH","Ramesh Raja","In Store",
"Thiruninravur",,"976","2017-01-06 19:03:08","Sale",150,0,150,0,150,0,0,0,150,"1290","Pooja M","Ramesh Raja","In Store",
"Thiruninravur",,"977","2017-01-06 19:06:09","Sale",30,0,30,0,30,0,0,0,30,"6MNGXVZD","Thabitha B","Ramesh Raja","In Store",
"Thiruninravur",,"978","2017-01-06 19:07:37","Sale",100,0,100,0,100,0,0,0,100,"6MNGXVZD","Thabitha B","Ramesh Raja","In Store",
"Thiruninravur",,"979","2017-01-06 19:16:25","Sale",30,0,30,0,30,0,0,0,30,"11UZUUWD","Hemalatha","Ramesh Raja","In Store",
"Thiruninravur",,"980","2017-01-06 19:26:25","Sale",100,0,100,0,100,0,0,0,100,"RVDPBH52","Naveetha A","Ramesh Raja","In Store",
"Thiruninravur",,"981","2017-01-06 19:31:17","Sale",30,0,30,0,30,0,0,0,30,"JIBF4F3M","Devanayaki","Ramesh Raja","In Store",
"Thiruninravur",,"982","2017-01-06 19:35:31","Sale",30,0,30,0,30,0,0,0,30,"FJJVH75G","Abirami S","Ramesh Raja","In Store",
"Thiruninravur",,"983","2017-01-06 20:11:03","Sale",30,0,30,0,30,0,0,0,30,"646","Vaishnavi Sampath","Ramesh Raja","In Store",
"Thiruninravur",,"984","2017-01-06 20:17:15","Sale",25,0,25,0,25,0,0,0,25,"646","Vaishnavi Sampath","Ramesh Raja","In Store",
"Thiruninravur",,"985","2017-01-06 20:25:36","Sale",5500,0,5500,0,5500,0,0,0,5500,"646","Vaishnavi Sampath","Ramesh Raja","In Store",
"Thiruninravur",,"986","2017-01-06 20:32:03","Sale",30,0,30,0,30,0,0,0,30,"1038","Divyabahrathi D","Ramesh Raja","In Store",
"Thiruninravur",,"987","2017-01-07 10:34:06","Sale",350,0,350,0,350,0,0,0,350,"465","Iswariya","Ramesh Raja","In Store",
"Thiruninravur",,"988","2017-01-07 11:16:17","Sale",30,0,30,0,30,0,0,0,30,"1041","Vanitha S","Ramesh Raja","In Store",
"Thiruninravur",,"989","2017-01-09 18:49:03","Sale",30,0,30,0,30,0,0,0,30,,,"Support","In Store",
"Thiruninravur",,"990","2017-01-09 19:24:15","Sale",30,0,30,0,30,0,0,0,30,"8FYZL4GH","Durga M","Support","In Store",
"Thiruninravur",,"991","2017-01-09 19:25:25","Sale",30,0,30,0,30,0,0,0,30,"QMWSMWB6","Banumathi","Support","In Store",
"Thiruninravur",,"992","2017-01-09 19:41:34","Sale",1830,0,1830,-200,1630,0,0,0,1630,"B3PLZE5N","sonidass","Support","In Store",
"Thiruninravur",,"993","2017-01-09 19:57:42","Sale",60,0,60,0,60,0,0,0,60,"952","Jothi lakshmi R","Support","In Store",
"Thiruninravur",,"994","2017-01-09 20:03:27","Sale",150,0,150,0,150,0,0,0,150,"HSQMZKGV","Lakshitha C","Support","In Store",
"Thiruninravur",,"995","2017-01-09 20:10:11","Sale",55,0,55,0,55,0,0,0,55,"9UTHP3VH","Jayalakshmi V","Support","In Store",
"Thiruninravur",,"996","2017-01-09 20:11:51","Sale",30,0,30,0,30,0,0,0,30,"4995D2LM","kwnari K","Support","In Store",
"Thiruninravur",,"997","2017-01-09 20:18:51","Sale",30,0,30,0,30,0,0,0,30,"T3S8RZNQ","kanniyamli","Support","In Store",
"Thiruninravur",,"998","2017-01-09 20:20:31","Sale",55,0,55,0,55,0,0,0,55,"N8PQNKGI","Sarirekha Ps","Support","In Store",
"Thiruninravur",,"999","2017-01-09 20:25:02","Sale",150,0,150,0,150,0,0,0,150,"T9GZHJPY","Bhavani","Support","In Store",
"Thiruninravur",,"1000","2017-01-09 20:27:11","Sale",30,0,30,0,30,0,0,0,30,"EQRX92UJ","Prema Y","Support","In Store",
"Thiruninravur",,"1001","2017-01-09 20:37:50","Sale",30,0,30,0,30,0,0,0,30,"3LJNXC9A","Praganthaa RS","Support","In Store",
"Thiruninravur",,"1002","2017-01-09 20:39:13","Sale",30,0,30,0,30,0,0,0,30,"ZK9LWMBD","Darraniahree RS","Support","In Store",
"Thiruninravur",,"1003","2017-01-10 17:12:07","Sale",1000,0,1000,0,1000,0,0,0,1000,"1228","Srileaka P","Ramesh Raja","In Store",
"Thiruninravur",,"1004","2017-01-10 17:30:28","Sale",210,0,210,0,210,0,0,0,210,"ZL8L2PSW","Panjana M","Ramesh Raja","In Store",
"Thiruninravur",,"1005","2017-01-10 17:32:14","Sale",30,0,30,0,30,0,0,0,30,"4QEHDJC3","Meena V","Ramesh Raja","In Store",
"Thiruninravur",,"1006","2017-01-10 17:33:39","Sale",30,0,30,0,30,0,0,0,30,"K8WGWRZW","Pournami M","Ramesh Raja","In Store",
"Thiruninravur",,"1007","2017-01-10 17:36:26","Sale",30,0,30,0,30,0,0,0,30,"9E5NZFSN","Sujatha R","Ramesh Raja","In Store",
"Thiruninravur",,"1008","2017-01-10 17:39:28","Sale",30,0,30,0,30,0,0,0,30,"TCGE6Y54","Sudha M","Ramesh Raja","In Store",
"Thiruninravur",,"1009","2017-01-10 17:42:48","Sale",30,0,30,0,30,0,0,0,30,"TYKQ3GC5","Kalaiarasi K","Ramesh Raja","In Store",
"Thiruninravur",,"1010","2017-01-10 17:44:22","Sale",30,0,30,0,30,0,0,0,30,"GP4GBWQR","Dicya S","Ramesh Raja","In Store",
"Thiruninravur",,"1011","2017-01-10 17:55:48","Sale",30,0,30,0,30,0,0,0,30,"FEUPJRPD","Jenifer S","Ramesh Raja","In Store",
"Thiruninravur",,"1012","2017-01-10 20:15:31","Sale",30,0,30,0,30,0,0,0,30,"9QFAYNE1","naveena","Ramesh Raja","In Store",
"Thiruninravur",,"1013","2017-01-10 20:17:20","Sale",30,0,30,0,30,0,0,0,30,"1582","Sudha rajesh R","Ramesh Raja","In Store",
"Thiruninravur",,"1014","2017-01-10 20:18:16","Sale",55,0,55,0,55,0,0,0,55,"260","Kowsalya A","Ramesh Raja","In Store",
"Thiruninravur",,"1015","2017-01-10 20:32:53","Sale",30,0,30,0,30,0,0,0,30,"1419","Dhanalakshmi Srinivasan","Ramesh Raja","In Store",
"Thiruninravur",,"1016","2017-01-11 12:56:42","Sale",1150,0,1150,-150,1000,0,0,0,1000,"6DBK2KMB","thangameera r","Ramesh Raja","In Store",
"Thiruninravur",,"1017","2017-01-11 14:16:21","Sale",30,0,30,0,30,0,0,0,30,,,"Ramesh Raja","In Store",
"Thiruninravur",,"1018","2017-01-11 16:25:42","Sale",30,0,30,0,30,0,0,0,30,"V1LXU3KV","devipriya s","Ramesh Raja","In Store",
"Thiruninravur",,"1019","2017-01-11 16:27:03","Sale",60,0,60,0,60,0,0,0,60,"112","Nithya V","Ramesh Raja","In Store",
"Thiruninravur",,"1020","2017-01-11 16:51:57","Sale",200,0,200,0,200,0,0,0,200,"QYA8QI2I","Jannis B","Ramesh Raja","In Store",
"Thiruninravur",,"1021","2017-01-11 16:59:42","Sale",30,0,30,0,30,0,0,0,30,"LW6757HR","shathana s","Ramesh Raja","In Store",
"Thiruninravur",,"1022","2017-01-11 17:04:04","Sale",30,0,30,0,30,0,0,0,30,"633","Geeta Kamlesh","Ramesh Raja","In Store",
"Thiruninravur",,"1023","2017-01-11 17:05:42","Sale",30,0,30,0,30,0,0,0,30,"1578","Caroline F","Ramesh Raja","In Store",
"Thiruninravur",,"1024","2017-01-11 17:08:42","Sale",255,0,255,0,255,0,0,0,255,"195","Latha Sh","Ramesh Raja","In Store",
"Thiruninravur",,"1025","2017-01-11 17:14:47","Sale",30,0,30,0,30,0,0,0,30,"9TP1UJ5H","sowndari j","Ramesh Raja","In Store",
"Thiruninravur",,"1026","2017-01-11 17:16:32","Sale",30,0,30,0,30,0,0,0,30,,,"Ramesh Raja","In Store",
"Thiruninravur",,"1027","2017-01-11 17:17:16","Sale",30,0,30,0,30,0,0,0,30,"1227","Gowthami E","Ramesh Raja","In Store",
"Thiruninravur",,"1028","2017-01-11 17:25:25","Sale",30,0,30,0,30,0,0,0,30,"681","Roseni R","Ramesh Raja","In Store",
"Thiruninravur",,"1029","2017-01-11 17:26:07","Sale",30,0,30,0,30,0,0,0,30,"119","Savitha S","Ramesh Raja","In Store",
"Thiruninravur",,"1030","2017-01-11 17:27:13","Sale",30,0,30,0,30,0,0,0,30,"194","Indra C","Ramesh Raja","In Store",
"Thiruninravur",,"1031","2017-01-11 18:19:10","Sale",50,0,50,0,50,0,0,0,50,"V1Z8FCLF","roja vh","Ramesh Raja","In Store",
"Thiruninravur",,"1032","2017-01-11 18:25:07","Sale",950,0,950,0,950,0,0,0,950,"FE5DPHCQ","hemalatha n","Ramesh Raja","In Store",
"Thiruninravur",,"1033","2017-01-11 18:26:25","Sale",30,0,30,0,30,0,0,0,30,"1264","Mohanapriya S","Ramesh Raja","In Store",
"Thiruninravur",,"1034","2017-01-11 18:27:22","Sale",30,0,30,0,30,0,0,0,30,"1416","Keerthika M","Ramesh Raja","In Store",
"Thiruninravur",,"1035","2017-01-11 18:28:49","Sale",30,0,30,0,30,0,0,0,30,"9FTT8FUW","saranya g","Ramesh Raja","In Store",
"Thiruninravur",,"1036","2017-01-11 18:31:18","Sale",30,0,30,0,30,0,0,0,30,"XYNDZBZW","devi u","Ramesh Raja","In Store",
"Thiruninravur",,"1037","2017-01-11 18:31:57","Sale",30,0,30,0,30,0,0,0,30,"1768","Vinothini R","Ramesh Raja","In Store",
"Thiruninravur",,"1038","2017-01-11 18:34:48","Sale",30,0,30,0,30,0,0,0,30,"1SLNF298","latha m","Ramesh Raja","In Store",
"Thiruninravur",,"1039","2017-01-11 18:36:12","Sale",30,0,30,0,30,0,0,0,30,"1215","Divya Srinivasan","Ramesh Raja","In Store",
"Thiruninravur",,"1041","2017-01-11 18:45:49","Sale",30,0,30,0,30,0,0,0,30,"681","Roseni R","Ramesh Raja","In Store",
"Thiruninravur",,"1042","2017-01-11 19:27:36","Sale",30,0,30,0,30,0,0,0,30,,,"Ramesh Raja","In Store",
"Thiruninravur",,"1043","2017-01-11 19:54:33","Sale",30,0,30,0,30,0,0,0,30,"1474","Shylaja B","Ramesh Raja","In Store",
"Thiruninravur",,"1044","2017-01-11 20:16:12","Sale",75,0,75,0,75,0,0,0,75,,,"Ramesh Raja","In Store",
"Thiruninravur",,"1045","2017-01-12 10:26:46","Sale",30,0,30,0,30,0,0,0,30,"S4DR1844","priya ramesh","Ramesh Raja","In Store",
"Thiruninravur",,"1046","2017-01-12 10:52:08","Sale",180,0,180,0,180,0,0,0,180,"VYHF779J","mary j","Ramesh Raja","In Store",
"Thiruninravur",,"1047","2017-01-12 10:52:51","Sale",30,0,30,0,30,0,0,0,30,"515","Bavani M","Ramesh Raja","In Store",
"Thiruninravur",,"1048","2017-01-12 11:26:24","Sale",30,0,30,0,30,0,0,0,30,"79V4NRFJ","Suritha V","Ramesh Raja","In Store",
"Thiruninravur",,"1049","2017-01-12 11:31:07","Sale",30,0,30,0,30,0,0,0,30,"9LHDLQJZ","Aishwarya P","Ramesh Raja","In Store",
"Thiruninravur",,"1050","2017-01-12 12:24:19","Sale",30,0,30,0,30,0,0,0,30,"5G98F3FF","Kavithia Mohan","Ramesh Raja","In Store",
"Thiruninravur",,"1051","2017-01-14 17:40:21","Sale",800,0,800,0,800,0,0,0,800,"145","Suriya S","Ramesh Raja","In Store",
"Thiruninravur",,"1052","2017-01-14 17:41:30","Sale",80,0,80,0,80,0,0,0,80,"208","Durgadevi J","Ramesh Raja","In Store",
"Thiruninravur",,"1053","2017-01-14 17:43:01","Sale",30,0,30,0,30,0,0,0,30,"EIWEUZVK","ravathy l","Ramesh Raja","In Store",
"Thiruninravur",,"164","2017-01-14 17:50:44","Sale",180,0,180,0,180,0,0,0,180,"URWIFJIJ","ANANDHI","Ramesh Raja","In Store",
"Thiruninravur",,"1054","2017-01-14 18:13:17","Sale",530,0,530,0,530,0,0,0,530,"252","Saranya G r","Ramesh Raja","In Store",
"Thiruninravur",,"1055","2017-01-14 18:36:46","Sale",105,0,105,0,105,0,0,0,105,"G9ZEZNZB","nandhini d","Ramesh Raja","In Store",
"Thiruninravur",,"1056","2017-01-14 18:50:36","Sale",30,0,30,0,30,0,0,0,30,"1590","Pooja G","Ramesh Raja","In Store",
"Thiruninravur",,"1057","2017-01-14 19:45:04","Sale",30,0,30,0,30,0,0,0,30,,,"Ramesh Raja","In Store",
"Thiruninravur",,"1058","2017-01-15 10:44:43","Sale",30,0,30,0,30,0,0,0,30,"K2C9QFT7","kavitha k","Ramesh Raja","In Store",
"Thiruninravur",,"1059","2017-01-15 12:37:20","Sale",100,0,100,0,100,0,0,0,100,"IP61TV5W","kavitha a","Ramesh Raja","In Store",
"Thiruninravur",,"1060","2017-01-15 13:57:55","Sale",30,0,30,0,30,0,0,0,30,,,"Ramesh Raja","In Store",
"Thiruninravur",,"1061","2017-01-17 10:50:29","Sale",100,0,100,0,100,0,0,0,100,"845","Arulmary D","Ramesh Raja","In Store",
"Thiruninravur",,"1062","2017-01-17 10:54:21","Sale",75,0,75,0,75,0,0,0,75,"748","Induja R","Ramesh Raja","In Store",
"Thiruninravur",,"1063","2017-01-17 12:20:44","Sale",750,0,750,0,750,0,0,0,750,"40","Indira N","Ramesh Raja","In Store",
"Thiruninravur",,"1064","2017-01-17 12:26:37","Sale",30,0,30,0,30,0,0,0,30,"40","Indira N","Ramesh Raja","In Store",
"Thiruninravur",,"1065","2017-01-17 12:31:25","Sale",30,0,30,0,30,0,0,0,30,"1422","Saranya Senthilkumar","Ramesh Raja","In Store",
"Thiruninravur",,"1066","2017-01-17 15:04:22","Sale",830,0,830,-150,680,0,0,0,680,"1636","Jothipriya B","Ramesh Raja","In Store",
"Thiruninravur",,"1067","2017-01-17 15:19:45","Sale",150,0,150,0,150,0,0,0,150,"1150","Mahalakshmi B","Ramesh Raja","In Store",
"Thiruninravur",,"1068","2017-01-17 15:45:16","Sale",30,0,30,0,30,0,0,0,30,"493","Preethi V","Ramesh Raja","In Store",
"Thiruninravur",,"1069","2017-01-17 18:18:33","Sale",150,0,150,0,150,0,0,0,150,"314","Vaishnavi S","Ramesh Raja","In Store",
"Thiruninravur",,"1070","2017-01-17 19:02:52","Sale",830,0,830,0,830,0,0,0,830,"537","Shanthini I","Ramesh Raja","In Store",
"Thiruninravur",,"1071","2017-01-17 19:07:03","Sale",75,0,75,-30,45,0,0,0,45,"537","Shanthini I","Ramesh Raja","In Store",
"Thiruninravur",,"1072","2017-01-17 19:14:49","Sale",30,0,30,0,30,0,0,0,30,"710","Gowthmi R","Ramesh Raja","In Store",
"Thiruninravur",,"1073","2017-01-17 19:15:51","Sale",30,0,30,0,30,0,0,0,30,,,"Ramesh Raja","In Store",
"Thiruninravur",,"1074","2017-01-17 19:37:40","Sale",30,0,30,0,30,0,0,0,30,,,"Ramesh Raja","In Store",
"Thiruninravur",,"1075","2017-01-17 19:45:47","Sale",30,0,30,0,30,0,0,0,30,"652","Padmavathi M","Ramesh Raja","In Store",
"Thiruninravur",,"1076","2017-01-18 15:51:05","Sale",350,0,350,-50,300,0,0,0,300,"231","Shruthi Dhanraj","Ramesh Raja","In Store",
"Thiruninravur",,"1077","2017-01-18 15:52:07","Sale",30,0,30,0,30,0,0,0,30,"331","Ravathi R","Ramesh Raja","In Store",
"Thiruninravur",,"1078","2017-01-18 15:53:20","Sale",150,0,150,0,150,0,0,0,150,"1496","Dilli dharshini B","Ramesh Raja","In Store",
"Thiruninravur",,"1079","2017-01-18 15:54:46","Sale",30,0,30,0,30,0,0,0,30,,,"Ramesh Raja","In Store",
"Thiruninravur",,"1080","2017-01-18 18:18:43","Sale",30,0,30,0,30,0,0,0,30,"1579","Sumathi S","Ramesh Raja","In Store",
"Thiruninravur",,"1081","2017-01-18 18:19:35","Sale",30,0,30,0,30,0,0,0,30,"173","Vinotheni P","Ramesh Raja","In Store",
"Thiruninravur",,"1082","2017-01-18 18:24:04","Sale",850,0,850,0,850,0,0,0,850,"1182","Saritha D","Ramesh Raja","In Store",
"Thiruninravur",,"1083","2017-01-18 18:37:50","Sale",30,0,30,0,30,0,0,0,30,"CPU8B72W","mamtha s","Ramesh Raja","In Store",
"Thiruninravur",,"1084","2017-01-18 18:45:35","Sale",30,0,30,0,30,0,0,0,30,"Z2CE5HHZ","Rekha ","Ramesh Raja","In Store",
"Thiruninravur",,"1085","2017-01-18 19:34:06","Sale",30,0,30,0,30,0,0,0,30,"76","Kavitha D","Ramesh Raja","In Store",
"Thiruninravur",,"1087","2017-01-19 13:15:30","Sale",480,0,480,0,480,0,0,0,480,"149","Rajani Pm","Ramesh Raja","In Store",
"Thiruninravur",,"1088","2017-01-19 13:35:53","Sale",1080,0,1080,0,1080,0,0,0,1080,"GM77JUGD","praveena k","Ramesh Raja","In Store",
"Thiruninravur",,"1089","2017-01-19 16:06:13","Sale",30,0,30,0,30,0,0,0,30,"950","Umamageswari V","Ramesh Raja","In Store",
"Thiruninravur",,"1090","2017-01-19 16:08:41","Sale",30,0,30,0,30,0,0,0,30,"204","Janaki M","Ramesh Raja","In Store",
"Thiruninravur",,"1091","2017-01-19 17:10:20","Sale",180,0,180,0,180,0,0,0,180,"1545","Barathi S","Ramesh Raja","In Store",
"Thiruninravur",,"1092","2017-01-19 17:26:30","Sale",1380,0,1380,0,1380,0,0,0,1380,"489","Iniyamozhi Cn","Ramesh Raja","In Store",
"Thiruninravur",,"1093","2017-01-19 17:29:11","Sale",30,0,30,0,30,0,0,0,30,"JNW76Z74","Nikkitha V","Ramesh Raja","In Store",
"Thiruninravur",,"1094","2017-01-19 20:20:43","Sale",55,0,55,0,55,0,0,0,55,"K9ZZIXHK","PAVITHRA K","Ramesh Raja","In Store",
"Thiruninravur",,"1095","2017-01-19 20:21:58","Sale",55,0,55,0,55,0,0,0,55,"611","Deepa Murali","Ramesh Raja","In Store",
"Thiruninravur",,"1096","2017-01-21 12:40:26","Sale",30,0,30,0,30,0,0,0,30,"1499","Rekha T","Ramesh Raja","In Store",
"Thiruninravur",,"1097","2017-01-21 12:42:34","Sale",30,0,30,0,30,0,0,0,30,"1046","Nathiya V","Ramesh Raja","In Store",
"Thiruninravur",,"1098","2017-01-21 12:50:04","Sale",30,0,30,0,30,0,0,0,30,"1557","Mahalakhmi J","Ramesh Raja","In Store",
"Thiruninravur",,"1099","2017-01-21 12:59:07","Sale",200,0,200,0,200,0,0,0,200,"V8XK5ZIC","andrea veronica j","Ramesh Raja","In Store",
"Thiruninravur",,"1100","2017-01-21 13:08:50","Sale",355,0,355,0,355,0,0,0,355,"1544","Gajalakshmi Kg","Ramesh Raja","In Store",
"Thiruninravur",,"1101","2017-01-21 14:08:51","Sale",60,0,60,0,60,0,0,0,60,"390","Ravathishree R","Ramesh Raja","In Store",
"Thiruninravur",,"1102","2017-01-21 14:13:00","Sale",30,0,30,0,30,0,0,0,30,"1700","Janagi R","Ramesh Raja","In Store",
"Thiruninravur",,"1103","2017-01-21 14:13:37","Sale",60,0,60,0,60,0,0,0,60,"1279","Srilatha V","Ramesh Raja","In Store",
"Thiruninravur",,"1104","2017-01-21 14:21:46","Sale",550,0,550,0,550,0,0,0,550,,,"Ramesh Raja","In Store",
"Thiruninravur",,"1105","2017-01-21 14:26:45","Sale",380,0,380,0,380,0,0,0,380,"571","Devarani V","Ramesh Raja","In Store",
"Thiruninravur",,"1106","2017-01-21 14:58:33","Sale",30,0,30,0,30,0,0,0,30,"1162","Janani V","Ramesh Raja","In Store",
"Thiruninravur",,"1107","2017-01-21 14:59:57","Sale",30,0,30,0,30,0,0,0,30,"60","NIRMALA","Ramesh Raja","In Store",
"Thiruninravur",,"1108","2017-01-21 15:08:07","Sale",30,0,30,0,30,0,0,0,30,"94","Seetha","Ramesh Raja","In Store",
"Thiruninravur",,"1110","2017-01-21 17:13:24","Sale",30,0,30,0,30,0,0,0,30,"269","Swarnamugi R","Ramesh Raja","In Store",
"Thiruninravur",,"1111","2017-01-21 17:14:09","Sale",30,0,30,0,30,0,0,0,30,"795","Jamunavathi S","Ramesh Raja","In Store",
"Thiruninravur",,"1112","2017-01-21 17:18:01","Sale",50,0,50,0,50,0,0,0,50,"NVLV8ZDF","jenifer","Ramesh Raja","In Store",
"Thiruninravur",,"1113","2017-01-21 17:27:06","Sale",800,0,800,-100,700,0,0,0,700,,,"Ramesh Raja","In Store",
"Thiruninravur",,"1114","2017-01-21 17:29:35","Sale",30,0,30,0,30,0,0,0,30,"535","Kavitha P","Ramesh Raja","In Store",
"Thiruninravur",,"1115","2017-01-21 17:53:09","Sale",135,0,135,0,135,0,0,0,135,"1727","USHARANI KB","Ramesh Raja","In Store",
"Thiruninravur",,"1040","2017-01-21 17:55:34","Sale",830,0,830,-150,680,0,0,0,680,"1234","Christy I","Ramesh Raja","In Store",
"Thiruninravur",,"908","2017-01-21 17:58:10","Sale",480,0,480,0,480,0,0,0,480,"221","Jaya K","Ramesh Raja","In Store",
"Thiruninravur",,"552","2017-01-21 17:59:15","Sale",780,0,780,0,780,0,0,0,780,"236","Chandrika S","Ramesh Raja","In Store",
"Thiruninravur",,"1116","2017-01-21 18:18:40","Sale",30,0,30,0,30,0,0,0,30,"424","Suganya M","Ramesh Raja","In Store",
"Thiruninravur",,"1117","2017-01-21 19:16:48","Sale",30,0,30,0,30,0,0,0,30,"465","Iswariya","Ramesh Raja","In Store",
"Thiruninravur",,"1118","2017-01-21 19:18:13","Sale",30,0,30,0,30,0,0,0,30,"DS6DYSMR","cithra m","Ramesh Raja","In Store",
"Thiruninravur",,"1119","2017-01-21 19:34:48","Sale",800,0,800,-150,650,0,0,0,650,"824","Shailaja Dj","Ramesh Raja","In Store",
"Thiruninravur",,"1120","2017-01-21 19:49:54","Sale",30,0,30,0,30,0,0,0,30,"429","Sowmya Gopal","Ramesh Raja","In Store",
"Thiruninravur",,"1121","2017-01-21 19:52:26","Sale",50,0,50,0,50,0,0,0,50,"646","Vaishnavi Sampath","Ramesh Raja","In Store",
"Thiruninravur",,"1122","2017-01-21 20:46:21","Sale",30,0,30,0,30,0,0,0,30,"549","Kala K","Ramesh Raja","In Store",
"Thiruninravur",,"1123","2017-01-21 20:57:59","Sale",500,0,500,0,500,0,0,0,500,"1123","Kezia H","Ramesh Raja","In Store",
"Thiruninravur",,"1124","2017-01-22 11:10:26","Sale",350,0,350,0,350,0,0,0,350,"289","SIMILALSINGH","Ramesh Raja","In Store",
"Thiruninravur",,"1125","2017-01-22 11:11:33","Sale",80,0,80,0,80,0,0,0,80,"457","Priya A","Ramesh Raja","In Store",
"Thiruninravur",,"1126","2017-01-22 12:47:37","Sale",30,0,30,0,30,0,0,0,30,"664","Deepa H","Ramesh Raja","In Store",
"Thiruninravur",,"1127","2017-01-22 13:00:31","Sale",30,0,30,0,30,0,0,0,30,"U777FVZW","lavanya","Ramesh Raja","In Store",
"Thiruninravur",,"1129","2017-01-22 15:33:17","Sale",30,0,30,0,30,0,0,0,30,"X5P7295A","madhu mitha b","Ramesh Raja","In Store",
"Thiruninravur",,"1130","2017-01-22 15:34:14","Sale",150,0,150,0,150,0,0,0,150,"VXPJYQB5","Dharshini J","Ramesh Raja","In Store",
"Thiruninravur",,"1131","2017-01-22 15:37:36","Sale",30,0,30,0,30,0,0,0,30,"205","Priyanka Amalrai","Ramesh Raja","In Store",
"Thiruninravur",,"1132","2017-01-22 15:39:42","Sale",500,0,500,0,500,0,0,0,500,,,"Ramesh Raja","In Store",
"Thiruninravur",,"1128","2017-01-22 16:34:35","Sale",1800,0,1800,-150,1650,0,0,0,1650,"236","Chandrika S","Ramesh Raja","In Store",
"Thiruninravur",,"1133","2017-01-22 16:51:43","Sale",60,0,60,0,60,0,0,0,60,,,"Ramesh Raja","In Store",
"Thiruninravur",,"1134","2017-01-22 18:02:56","Sale",30,0,30,0,30,0,0,0,30,"350","Preethi M","Ramesh Raja","In Store",
"Thiruninravur",,"1135","2017-01-22 18:34:53","Sale",150,0,150,0,150,0,0,0,150,"762","Harini M","Ramesh Raja","In Store",
"Thiruninravur",,"1136","2017-01-22 19:16:59","Sale",650,0,650,0,650,0,0,0,650,"1108","Prashanthi J","Ramesh Raja","In Store",
"Thiruninravur",,"1137","2017-01-22 19:31:36","Sale",85,0,85,0,85,0,0,0,85,"MZGS71IK","sowmiya ravikumar","Ramesh Raja","In Store",
"Thiruninravur",,"1139","2017-01-22 19:36:48","Sale",30,0,30,0,30,0,0,0,30,"MZGS71IK","sowmiya ravikumar","Ramesh Raja","In Store",
"Thiruninravur",,"1140","2017-01-22 19:40:39","Sale",30,0,30,0,30,0,0,0,30,"1103","Sowpaniga T","Ramesh Raja","In Store",
"Thiruninravur",,"1141","2017-01-22 19:51:12","Sale",450,0,450,0,450,0,0,0,450,"N2D8E1D1","Indhra A","Ramesh Raja","In Store",
"Thiruninravur",,"1143","2017-01-22 20:35:11","Sale",30,0,30,0,30,0,0,0,30,"10","Jani C","Ramesh Raja","In Store",
"Thiruninravur",,"1145","2017-01-23 09:56:45","Sale",30,0,30,0,30,0,0,0,30,"XHVJFGSW","sujatha n","Ramesh Raja","In Store",
"Thiruninravur",,"1146","2017-01-24 09:48:43","Sale",30,0,30,0,30,0,0,0,30,"832","Soundari N","Ramesh Raja","In Store",
"Thiruninravur",,"1147","2017-01-24 09:53:49","Sale",90,0,90,0,90,0,0,0,90,,,"Ramesh Raja","In Store",
"Thiruninravur",,"1148","2017-01-24 09:59:19","Sale",30,0,30,0,30,0,0,0,30,"1008","Visalatchi S","Ramesh Raja","In Store",
"Thiruninravur",,"1149","2017-01-24 10:18:18","Sale",90,0,90,0,90,0,0,0,90,,,"Ramesh Raja","In Store",
"Thiruninravur",,"1150","2017-01-24 12:20:05","Sale",30,0,30,0,30,0,0,0,30,"AVZEKERY","Kamatchi R","Ramesh Raja","In Store",
"Thiruninravur",,"1151","2017-01-24 12:21:57","Sale",30,0,30,0,30,0,0,0,30,"TQJNBYYX","kousalya r","Ramesh Raja","In Store",
"Thiruninravur",,"1152","2017-01-24 15:27:00","Sale",30,0,30,0,30,0,0,0,30,"624","Ambika G","Ramesh Raja","In Store",
"Thiruninravur",,"1153","2017-01-24 15:32:23","Sale",50,0,50,0,50,0,0,0,50,"1607","Priyanka C","Ramesh Raja","In Store",
"Thiruninravur",,"1154","2017-01-24 15:41:13","Sale",30,0,30,0,30,0,0,0,30,"721","Preethi S","Ramesh Raja","In Store",
"Thiruninravur",,"1155","2017-01-24 15:43:50","Sale",370,0,370,0,370,0,0,0,370,"1607","Priyanka C","Ramesh Raja","In Store",
"Thiruninravur",,"1156","2017-01-24 15:48:21","Sale",130,0,130,0,130,0,0,0,130,"1002","VIJAYALAKSHMI D","Ramesh Raja","In Store",
"Thiruninravur",,"1157","2017-01-24 15:49:40","Sale",60,0,60,0,60,0,0,0,60,,,"Ramesh Raja","In Store",
"Thiruninravur",,"1158","2017-01-24 15:52:41","Sale",30,0,30,0,30,0,0,0,30,"1209","Sudhalakshmi N","Ramesh Raja","In Store",
"Thiruninravur",,"1159","2017-01-24 16:01:47","Sale",30,0,30,0,30,0,0,0,30,,,"Ramesh Raja","In Store",
"Thiruninravur",,"1160","2017-01-24 17:29:27","Sale",50,0,50,0,50,0,0,0,50,"695","Navamani L","Ramesh Raja","In Store",
"Thiruninravur",,"1161","2017-01-24 17:31:59","Sale",30,0,30,0,30,0,0,0,30,"1519","Fathima R","Ramesh Raja","In Store",
"Thiruninravur",,"1086","2017-01-24 17:41:18","Sale",1650,0,1650,0,1650,0,0,0,1650,"159","Priya R","Ramesh Raja","In Store",
"Thiruninravur",,"1162","2017-01-24 17:48:28","Sale",30,0,30,0,30,0,0,0,30,,,"Ramesh Raja","In Store",
"Thiruninravur",,"1163","2017-01-24 18:06:11","Sale",30,0,30,0,30,0,0,0,30,"744","Barathi D","Ramesh Raja","In Store",
"Thiruninravur",,"1164","2017-01-24 18:18:03","Sale",30,0,30,0,30,0,0,0,30,"VYHF779J","mary j","Ramesh Raja","In Store",
"Thiruninravur",,"1165","2017-01-24 18:36:04","Sale",30,0,30,0,30,0,0,0,30,"1492","Samburanam M","Ramesh Raja","In Store",
"Thiruninravur",,"1166","2017-01-24 18:47:47","Sale",30,0,30,0,30,0,0,0,30,"415","Esther R","Ramesh Raja","In Store",
"Thiruninravur",,"1167","2017-01-24 19:03:56","Sale",900,0,900,-50,850,0,0,0,850,"942","LAKSHMI PRABHA","Ramesh Raja","In Store",
"Thiruninravur",,"1168","2017-01-24 19:08:10","Sale",80,0,80,0,80,0,0,0,80,"1320","Arya A","Ramesh Raja","In Store",
"Thiruninravur",,"1169","2017-01-24 19:21:21","Sale",410,0,410,0,410,0,0,0,410,"1492","Samburanam M","Ramesh Raja","In Store",
"Thiruninravur",,"1170","2017-01-24 19:22:04","Sale",30,0,30,0,30,0,0,0,30,"5UIGNRFY","sarumathy g","Ramesh Raja","In Store",
"Thiruninravur",,"1171","2017-01-25 12:17:03","Sale",3280,0,3280,0,3280,0,0,0,3280,"1662","Valarmathi R","Ramesh Raja","In Store",
"Thiruninravur",,"1172","2017-01-25 13:10:13","Sale",30,0,30,0,30,0,0,0,30,"60","NIRMALA","Ramesh Raja","In Store",
"Thiruninravur",,"1173","2017-01-25 18:02:05","Sale",130,0,130,0,130,0,0,0,130,"128","Suja Mathew","Ramesh Raja","In Store",
"Thiruninravur",,"1174","2017-01-25 18:16:52","Sale",1305,0,1305,-100,1205,0,0,0,1205,"1722","Kavitha PP","Ramesh Raja","In Store",
"Thiruninravur",,"1175","2017-01-25 19:38:11","Sale",300,0,300,0,300,0,0,0,300,"4JPA9QP3","RAVATHI V","Ramesh Raja","In Store",
"Thiruninravur",,"1176","2017-01-25 19:40:50","Sale",30,0,30,0,30,0,0,0,30,"KBY9ALCF","lalitha v","Ramesh Raja","In Store",
"Thiruninravur",,"1177","2017-01-25 20:00:41","Sale",30,0,30,0,30,0,0,0,30,"623","Esther N","Ramesh Raja","In Store",
"Thiruninravur",,"1178","2017-01-25 20:03:51","Sale",30,0,30,0,30,0,0,0,30,,,"Ramesh Raja","In Store",
"Thiruninravur",,"1179","2017-01-25 20:23:26","Sale",30,0,30,0,30,0,0,0,30,"Q9XBUFYW","reshma s.r","Ramesh Raja","In Store",
"Thiruninravur",,"1180","2017-01-26 10:31:07","Sale",30,0,30,0,30,0,0,0,30,"HT9NSF64","geethaanjali p","Ramesh Raja","In Store",
"Thiruninravur",,"1181","2017-01-26 10:33:33","Sale",30,0,30,0,30,0,0,0,30,"G1MVRM86","menaga","Ramesh Raja","In Store",
"Thiruninravur",,"1182","2017-01-26 10:36:55","Sale",100,0,100,0,100,0,0,0,100,"G1MVRM86","menaga","Ramesh Raja","In Store",
"Thiruninravur",,"1183","2017-01-26 11:29:51","Sale",30,0,30,0,30,0,0,0,30,"8IUJK8GM","Baali S","Ramesh Raja","In Store",
"Thiruninravur",,"1184","2017-01-26 11:30:58","Sale",30,0,30,0,30,0,0,0,30,"1553","POOMALAR K","Ramesh Raja","In Store",
"Thiruninravur",,"1185","2017-01-26 11:32:01","Sale",180,0,180,0,180,0,0,0,180,"622","Deepa R","Ramesh Raja","In Store",
"Thiruninravur",,"1186","2017-01-26 12:36:10","Sale",30,0,30,0,30,0,0,0,30,"N2D8E1D1","Indhra A","Ramesh Raja","In Store",
"Thiruninravur",,"1187","2017-01-26 12:47:34","Sale",30,0,30,0,30,0,0,0,30,"812","Suganya Subramani","Ramesh Raja","In Store",
"Thiruninravur",,"1188","2017-01-26 12:52:54","Sale",950,0,950,-200,750,0,0,0,750,"1727","USHARANI KB","Ramesh Raja","In Store",
"Thiruninravur",,"1189","2017-01-26 13:10:16","Sale",150,0,150,0,150,0,0,0,150,"L49E4J5N","sudha k","Ramesh Raja","In Store",
"Thiruninravur",,"1190","2017-01-26 13:11:22","Sale",30,0,30,0,30,0,0,0,30,"123","Anitha R","Ramesh Raja","In Store",
"Thiruninravur",,"1191","2017-01-26 13:16:34","Sale",180,0,180,0,180,0,0,0,180,"F84Q9MYX","priya","Ramesh Raja","In Store",
"Thiruninravur",,"1192","2017-01-26 13:19:18","Sale",55,0,55,0,55,0,0,0,55,"Z88VGQ7P","Revathi P","Ramesh Raja","In Store",
"Thiruninravur",,"1193","2017-01-26 13:38:32","Sale",55,0,55,0,55,0,0,0,55,"7S5WVZHN","kiruba samuvel","Ramesh Raja","In Store",
"Thiruninravur",,"1194","2017-01-26 13:43:51","Sale",650,0,650,0,650,0,0,0,650,"99X5C9RR","usha B","Ramesh Raja","In Store",
"Thiruninravur",,"1195","2017-01-26 17:31:24","Sale",30,0,30,0,30,0,0,0,30,"1393","Priya Sankaran","Ramesh Raja","In Store",
"Thiruninravur",,"1196","2017-01-26 17:34:32","Sale",25,0,25,0,25,0,0,0,25,"9BHGEWRB","loganayaki j","Ramesh Raja","In Store",
"Thiruninravur",,"1197","2017-01-26 17:36:55","Sale",30,0,30,0,30,0,0,0,30,"1460","Sasikala R","Ramesh Raja","In Store",
"Thiruninravur",,"1198","2017-01-26 17:51:53","Sale",130,0,130,0,130,0,0,0,130,"QRLFRS8R","srividhya balaji","Ramesh Raja","In Store",
"Thiruninravur",,"1199","2017-01-26 18:07:35","Sale",30,0,30,0,30,0,0,0,30,"1711","Divya E","Ramesh Raja","In Store",
"Thiruninravur",,"1200","2017-01-26 18:10:01","Sale",30,0,30,0,30,0,0,0,30,"1484","Prabavathy S","Ramesh Raja","In Store",
"Thiruninravur",,"1201","2017-01-26 19:05:05","Sale",330,0,330,0,330,0,0,0,330,"WVENCB34","Vedhavalli D","Ramesh Raja","In Store",
"Thiruninravur",,"1202","2017-01-26 19:13:24","Sale",30,0,30,0,30,0,0,0,30,"VBN3AXCM","Deebiga","Ramesh Raja","In Store",
"Thiruninravur",,"1203","2017-01-26 19:23:36","Sale",30,0,30,0,30,0,0,0,30,"H3ML6P6Z","monisha c","Ramesh Raja","In Store",
"Thiruninravur",,"1204","2017-01-26 19:35:13","Sale",80,0,80,0,80,0,0,0,80,"NDXMHFXW","shahina R","Ramesh Raja","In Store",
"Thiruninravur",,"1205","2017-01-26 19:36:35","Sale",30,0,30,0,30,0,0,0,30,"YWX4XZ9Q","jebinaya k","Ramesh Raja","In Store",
"Thiruninravur",,"1206","2017-01-26 19:39:36","Sale",30,0,30,0,30,0,0,0,30,"GNVQEWZ1","Gokila","Ramesh Raja","In Store",
"Thiruninravur",,"1207","2017-01-26 19:42:41","Sale",30,0,30,0,30,0,0,0,30,"9IWF3LNB","Aswini M","Ramesh Raja","In Store",
"Thiruninravur",,"1208","2017-01-26 19:44:14","Sale",30,0,30,0,30,0,0,0,30,"1744","Keerthana V","Ramesh Raja","In Store",
"Thiruninravur",,"1209","2017-01-27 17:43:03","Sale",30,0,30,0,30,0,0,0,30,"W65G5V9K","Nisha","Ramesh Raja","In Store",
"Thiruninravur",,"1210","2017-01-27 17:47:03","Sale",30,0,30,0,30,0,0,0,30,"VL7RA5X1","Jeni S","Ramesh Raja","In Store",
"Thiruninravur",,"1212","2017-01-27 17:50:50","Sale",660,0,660,0,660,0,0,0,660,"H3ML6P6Z","monisha c","Ramesh Raja","In Store",
"Thiruninravur",,"1213","2017-01-27 18:05:58","Sale",3905,0,3905,0,3905,0,0,0,3905,"726","Hemalatha J","Ramesh Raja","In Store",
"Thiruninravur",,"1214","2017-01-27 18:08:20","Sale",30,0,30,0,30,0,0,0,30,"HSUCRQZ9","kandimathi","Ramesh Raja","In Store",
"Thiruninravur",,"1215","2017-01-27 18:26:00","Sale",350,0,350,0,350,0,0,0,350,"8F13W28X","Viayalakshmi K","Ramesh Raja","In Store",
"Thiruninravur",,"1216","2017-01-27 18:34:28","Sale",450,0,450,0,450,0,0,0,450,"8F13W28X","Viayalakshmi K","Ramesh Raja","In Store",
"Thiruninravur",,"1217","2017-01-27 18:37:23","Sale",60,0,60,0,60,0,0,0,60,"9EF6ABA2","Sangeetha B","Ramesh Raja","In Store",
"Thiruninravur",,"1218","2017-01-27 19:08:51","Sale",30,0,30,0,30,0,0,0,30,"1396","Divya SUBRAMANI","Ramesh Raja","In Store",
"Thiruninravur",,"1219","2017-01-27 19:57:41","Sale",30,0,30,0,30,0,0,0,30,"438","Kalpana R","Ramesh Raja","In Store",
"Thiruninravur",,"1220","2017-01-27 20:22:10","Sale",30,0,30,0,30,0,0,0,30,"XW1E4W6Y","ywasreelatha","Ramesh Raja","In Store",
"Thiruninravur",,"1221","2017-01-28 11:47:50","Sale",30,0,30,0,30,0,0,0,30,"A84JRXTW","priyadharhini r.e","Ramesh Raja","In Store",
"Thiruninravur",,"1222","2017-01-28 11:50:41","Sale",100,0,100,0,100,0,0,0,100,"NZQV2DC4","evelyn persis alex","Ramesh Raja","In Store",
"Thiruninravur",,"1223","2017-01-28 11:51:54","Sale",30,0,30,0,30,0,0,0,30,"4H5JIWM8","menaka g","Ramesh Raja","In Store",
"Thiruninravur",,"1224","2017-01-28 11:53:31","Sale",30,0,30,0,30,0,0,0,30,"MN8JT6LJ","tharani p","Ramesh Raja","In Store",
"Thiruninravur",,"1225","2017-01-28 11:56:21","Sale",150,0,150,0,150,0,0,0,150,"DC1NCGNH","blessy s","Ramesh Raja","In Store",
"Thiruninravur",,"1226","2017-01-28 11:57:21","Sale",30,0,30,0,30,0,0,0,30,"308","Soundraravalli S","Ramesh Raja","In Store",
"Thiruninravur",,"1227","2017-01-28 16:09:01","Sale",30,0,30,0,30,0,0,0,30,"1726","Punitha P","Ramesh Raja","In Store",
"Thiruninravur",,"1228","2017-01-28 16:11:48","Sale",30,0,30,0,30,0,0,0,30,"JM53J5PC","shobana b","Ramesh Raja","In Store",
"Thiruninravur",,"1229","2017-01-28 16:15:45","Sale",30,0,30,0,30,0,0,0,30,"KQ1IUFHP","navani","Ramesh Raja","In Store",
"Thiruninravur",,"1230","2017-01-28 16:19:21","Sale",30,0,30,0,30,0,0,0,30,"486","Shylaja K","Ramesh Raja","In Store",
"Thiruninravur",,"1231","2017-01-28 16:25:46","Sale",1930,0,1930,0,1930,0,0,0,1930,"196","Kavitha M","Ramesh Raja","In Store",
"Thiruninravur",,"1232","2017-01-28 16:30:55","Sale",30,0,30,0,30,0,0,0,30,"TBYM559N","Gomathi B","Ramesh Raja","In Store",
"Thiruninravur",,"1233","2017-01-28 16:33:40","Sale",100,0,100,0,100,0,0,0,100,"47","Jayachitra N","Ramesh Raja","In Store",
"Thiruninravur",,"1234","2017-01-28 17:28:06","Sale",30,0,30,0,30,0,0,0,30,"H4BDYEA7","DEEPA K","Ramesh Raja","In Store",
"Thiruninravur",,"1235","2017-01-28 17:57:35","Sale",1030,0,1030,0,1030,0,0,0,1030,"190","Prathiba P","Ramesh Raja","In Store",
"Thiruninravur",,"1236","2017-01-28 18:00:23","Sale",30,0,30,0,30,0,0,0,30,"975","Nandhini J","Ramesh Raja","In Store",
"Thiruninravur",,"1237","2017-01-28 18:05:56","Sale",25,0,25,0,25,0,0,0,25,"975","Nandhini J","Ramesh Raja","In Store",
"Thiruninravur",,"1238","2017-01-28 18:07:54","Sale",330,0,330,0,330,0,0,0,330,"458","Felcia benny","Ramesh Raja","In Store",
"Thiruninravur",,"1239","2017-01-28 18:09:19","Sale",60,0,60,0,60,0,0,0,60,"232","Porkamali H","Ramesh Raja","In Store",
"Thiruninravur",,"1240","2017-01-28 18:14:14","Sale",530,0,530,0,530,0,0,0,530,"1VR6EQSS","kavitha h","Ramesh Raja","In Store",
"Thiruninravur",,"1241","2017-01-28 18:17:30","Sale",500,0,500,0,500,0,0,0,500,"2F27DHSV","radha c","Ramesh Raja","In Store",
"Thiruninravur",,"1242","2017-01-28 18:21:05","Sale",130,0,130,0,130,0,0,0,130,"546","Devi Saravanan","Ramesh Raja","In Store",
"Thiruninravur",,"1244","2017-01-28 18:36:09","Sale",60,0,60,0,60,0,0,0,60,"1296","Deepa S","Ramesh Raja","In Store",
"Thiruninravur",,"1245","2017-01-28 18:38:01","Sale",30,0,30,0,30,0,0,0,30,"CLMKAQJY","gomathy v","Ramesh Raja","In Store",
"Thiruninravur",,"1246","2017-01-28 18:38:49","Sale",30,0,30,0,30,0,0,0,30,"444","Premalatha S","Ramesh Raja","In Store",
"Thiruninravur",,"1247","2017-01-28 19:44:08","Sale",830,0,830,0,830,0,0,0,830,"207","Kavitha B","Ramesh Raja","In Store",
"Thiruninravur",,"1248","2017-01-28 20:31:26","Sale",30,0,30,0,30,0,0,0,30,"1212","Vijayalakshmi B","Ramesh Raja","In Store",
"Thiruninravur",,"1243","2017-01-28 20:42:31","Sale",2030,0,2030,0,2030,0,0,0,2030,"182","Siva Shankari","Ramesh Raja","In Store",
"Thiruninravur",,"1249","2017-01-28 20:43:33","Sale",300,0,300,0,300,0,0,0,300,,,"Ramesh Raja","In Store",
"Thiruninravur",,"1250","2017-01-29 10:18:39","Sale",150,0,150,0,150,0,0,0,150,"74K4RL1X","tamilselvi b","Ramesh Raja","In Store",
"Thiruninravur",,"1252","2017-01-29 12:41:01","Sale",100,0,100,0,100,0,0,0,100,"119","Savitha S","Ramesh Raja","In Store",
"Thiruninravur",,"1253","2017-01-29 12:46:55","Sale",500,0,500,0,500,0,0,0,500,"184","Sivaranjani M","Ramesh Raja","In Store",
"Thiruninravur",,"1254","2017-01-29 12:48:14","Sale",30,0,30,0,30,0,0,0,30,"1770","Sandhiya R","Ramesh Raja","In Store",
"Thiruninravur",,"1255","2017-01-29 12:50:22","Sale",60,0,60,0,60,0,0,0,60,"NPTL786X","gowsalya m","Ramesh Raja","In Store",
"Thiruninravur",,"1256","2017-01-29 15:01:29","Sale",150,0,150,0,150,0,0,0,150,"664","Deepa H","Ramesh Raja","In Store",
"Thiruninravur",,"1257","2017-01-29 15:44:38","Sale",130,0,130,0,130,0,0,0,130,"3KHI86TG","Kowsika T","Ramesh Raja","In Store",
"Thiruninravur",,"1258","2017-01-29 15:48:33","Sale",30,0,30,0,30,0,0,0,30,"480","Nithya L","Ramesh Raja","In Store",
"Thiruninravur",,"1259","2017-01-29 15:51:39","Sale",150,0,150,0,150,0,0,0,150,"3WAQ11KP","parveen n","Ramesh Raja","In Store",
"Thiruninravur",,"1260","2017-01-29 15:55:40","Sale",380,0,380,0,380,0,0,0,380,"809","Rekha S","Ramesh Raja","In Store",
"Thiruninravur",,"1251","2017-01-29 16:04:48","Sale",480,0,480,0,480,0,0,0,480,"827","Aaarthi V.kothari","Ramesh Raja","In Store",
"Thiruninravur",,"1261","2017-01-29 16:09:18","Sale",100,0,100,0,100,0,0,0,100,"UNMTYNDX","geedha rajan","Ramesh Raja","In Store",
"Thiruninravur",,"1262","2017-01-29 16:11:59","Sale",30,0,30,0,30,0,0,0,30,"277","Jasmine D","Ramesh Raja","In Store",
"Thiruninravur",,"1263","2017-01-29 16:17:14","Sale",55,0,55,0,55,0,0,0,55,"1166","Jothi Nd","Ramesh Raja","In Store",
"Thiruninravur",,"1264","2017-01-29 16:20:30","Sale",130,0,130,0,130,0,0,0,130,"760","Mahaswari P","Ramesh Raja","In Store",
"Thiruninravur",,"1265","2017-01-29 16:40:06","Sale",1300,0,1300,0,1300,0,0,0,1300,"127","Kavitha R","Ramesh Raja","In Store",
"Thiruninravur",,"1266","2017-01-29 18:05:22","Sale",30,0,30,0,30,0,0,0,30,"6Q53LYFY","GEETHA SELVARAJ B","Ramesh Raja","In Store",
"Thiruninravur",,"1267","2017-01-29 18:10:47","Sale",1180,0,1180,0,1180,0,0,0,1180,"PZJFN9G1","devika j","Ramesh Raja","In Store",
"Thiruninravur",,"1268","2017-01-29 18:12:30","Sale",450,0,450,0,450,0,0,0,450,"1577","Preethi A","Ramesh Raja","In Store",
"Thiruninravur",,"1270","2017-01-29 18:18:47","Sale",30,0,30,0,30,0,0,0,30,"838","Angel S","Ramesh Raja","In Store",
"Thiruninravur",,"1271","2017-01-29 18:28:56","Sale",150,0,150,0,150,0,0,0,150,"IAHLIXTP","hemalatha s","Ramesh Raja","In Store",
"Thiruninravur",,"1272","2017-01-29 18:30:29","Sale",30,0,30,0,30,0,0,0,30,,,"Ramesh Raja","In Store",
"Thiruninravur",,"1273","2017-01-29 18:32:24","Sale",60,0,60,0,60,0,0,0,60,"1336","Jayasree P","Ramesh Raja","In Store",
"Thiruninravur",,"1274","2017-01-29 18:35:22","Sale",30,0,30,0,30,0,0,0,30,"AZ5N4W8J","deepika s","Ramesh Raja","In Store",
"Thiruninravur",,"1275","2017-01-29 19:11:14","Sale",380,0,380,0,380,0,0,0,380,"671","Aarthi Ashok","Ramesh Raja","In Store",
"Thiruninravur",,"1276","2017-01-29 19:17:34","Sale",1030,0,1030,0,1030,0,0,0,1030,"ELHPT1WS","kotteeswari m","Ramesh Raja","In Store",
"Thiruninravur",,"1277","2017-01-29 19:23:38","Sale",450,0,450,0,450,0,0,0,450,"123","Anitha R","Ramesh Raja","In Store",
"Thiruninravur",,"1278","2017-01-29 19:30:00","Sale",300,0,300,0,300,0,0,0,300,"1164","Bhavani G","Ramesh Raja","In Store",
"Thiruninravur",,"1279","2017-01-29 19:32:54","Sale",30,0,30,0,30,0,0,0,30,"304","Sujatha G","Ramesh Raja","In Store",
"Thiruninravur",,"1281","2017-01-29 19:46:00","Sale",30,0,30,0,30,0,0,0,30,"FZRJ5RP7","jayasree","Ramesh Raja","In Store",
"Thiruninravur",,"1282","2017-01-29 19:46:37","Sale",30,0,30,0,30,0,0,0,30,"1406","Saranya Srinivasan","Ramesh Raja","In Store",
"Thiruninravur",,"1283","2017-01-29 20:01:06","Sale",30,0,30,0,30,0,0,0,30,"IMLDZ8P5","Munju S","Ramesh Raja","In Store",
"Thiruninravur",,"1280","2017-01-29 20:34:30","Sale",905,0,905,0,905,0,0,0,905,"520","Suji R","Ramesh Raja","In Store",
"Thiruninravur",,"1284","2017-01-30 11:54:48","Sale",55,0,55,0,55,0,0,0,55,"1058","Swetha B","Ramesh Raja","In Store",
"Thiruninravur",,"1285","2017-01-30 12:01:15","Sale",30,0,30,0,30,0,0,0,30,"1763","Dhanalakshmi E","Ramesh Raja","In Store",
"Thiruninravur",,"1286","2017-01-30 12:02:28","Sale",30,0,30,0,30,0,0,0,30,"TBYM559N","Gomathi B","Ramesh Raja","In Store",
"Thiruninravur",,"1287","2017-01-30 12:07:06","Sale",30,0,30,0,30,0,0,0,30,"1003","MEANAGA K","Ramesh Raja","In Store",
"Thiruninravur",,"1288","2017-01-30 12:25:27","Sale",5500,0,5500,0,5500,0,0,0,5500,"646","Vaishnavi Sampath","Ramesh Raja","In Store",
"Thiruninravur",,"1289","2017-01-30 12:30:05","Sale",30,0,30,0,30,0,0,0,30,"HIZ16VM9","radhika p","Ramesh Raja","In Store",
"Thiruninravur",,"1290","2017-01-30 15:23:35","Sale",1050,0,1050,0,1050,0,0,0,1050,"1121","Meera Ps","Ramesh Raja","In Store",
"Thiruninravur",,"1291","2017-01-30 15:26:30","Sale",980,0,980,0,980,0,0,0,980,"QJHVQPD9","jeevitha k","Ramesh Raja","In Store",
"Thiruninravur",,"1292","2017-01-30 16:24:55","Sale",55,0,55,0,55,0,0,0,55,"1537","Komathi K","Ramesh Raja","In Store",
"Thiruninravur",,"1293","2017-01-30 16:36:21","Sale",30,0,30,0,30,0,0,0,30,"1451","Kamatchi D","Ramesh Raja","In Store",
"Thiruninravur",,"1294","2017-01-30 16:39:43","Sale",30,0,30,0,30,0,0,0,30,"GMP6GJL3","rosemary c","Ramesh Raja","In Store",
"Thiruninravur",,"1295","2017-01-30 16:41:42","Sale",300,0,300,0,300,0,0,0,300,"6DBK2KMB","thangameera r","Ramesh Raja","In Store",
"Thiruninravur",,"1296","2017-01-30 17:38:22","Sale",30,0,30,0,30,0,0,0,30,"8U5A6VTF","indumathi k","Ramesh Raja","In Store",
"Thiruninravur",,"1297","2017-01-30 17:39:49","Sale",100,0,100,0,100,0,0,0,100,"WLHIHQDR","rathnam r","Ramesh Raja","In Store",
"Thiruninravur",,"1298","2017-01-30 18:24:35","Sale",30,0,30,0,30,0,0,0,30,"1443","Sujatha V","Ramesh Raja","In Store",
"Thiruninravur",,"1299","2017-01-30 18:32:24","Sale",30,0,30,0,30,0,0,0,30,"1240","Swathy I","Ramesh Raja","In Store",
"Thiruninravur",,"1300","2017-01-30 18:46:52","Sale",2350,0,2350,0,2350,0,0,0,2350,"348","Santhi Rs","Ramesh Raja","In Store",
"Thiruninravur",,"1301","2017-01-30 19:00:30","Sale",30,0,30,0,30,0,0,0,30,"Q5XJ1WKE","kavitha m","Ramesh Raja","In Store",
"Thiruninravur",,"1302","2017-01-30 19:16:24","Sale",30,0,30,0,30,0,0,0,30,"1132","Jothi R","Ramesh Raja","In Store",
"Thiruninravur",,"1304","2017-01-30 19:36:23","Sale",30,0,30,0,30,0,0,0,30,"382","Ajitha M","Ramesh Raja","In Store",
"Thiruninravur",,"1306","2017-01-30 19:56:56","Sale",560,0,560,0,560,0,0,0,560,"1005","Dhanalakshmi P","Ramesh Raja","In Store",
"Thiruninravur",,"1307","2017-01-30 20:06:13","Sale",30,0,30,0,30,0,0,0,30,"JSGZ2ATC","divya barathi h","Ramesh Raja","In Store",
"Thiruninravur",,"1308","2017-01-30 20:09:56","Sale",30,0,30,0,30,0,0,0,30,"955","Anbukarasi N","Ramesh Raja","In Store",
"Thiruninravur",,"1310","2017-01-30 20:38:40","Sale",2230,0,2230,0,2230,0,0,0,2230,"1521","Sharanya K","Ramesh Raja","In Store",
"Thiruninravur",,"1309","2017-01-30 20:39:17","Sale",1380,0,1380,0,1380,0,0,0,1380,"43GDIK38","priya s","Ramesh Raja","In Store",
"Thiruninravur",,"1303","2017-01-30 20:44:25","Sale",1380,0,1380,0,1380,0,0,0,1380,"954","Subashini V","Ramesh Raja","In Store",
"Thiruninravur",,"1305","2017-01-30 20:45:22","Sale",1030,0,1030,0,1030,0,0,0,1030,"1494","Bakyalakshmi Prema","Ramesh Raja","In Store",
"Thiruninravur",,"1311","2017-01-31 15:08:12","Sale",30,0,30,0,30,0,0,0,30,"NB5SSDRN","durga d","Ramesh Raja","In Store",
"Thiruninravur",,"1312","2017-01-31 15:13:29","Sale",30,0,30,0,30,0,0,0,30,"1738","Hemalatha Somu","Ramesh Raja","In Store",
"Thiruninravur",,"1313","2017-01-31 15:20:45","Sale",30,0,30,0,30,0,0,0,30,"146","Sulochana R","Ramesh Raja","In Store",
"Thiruninravur",,"1314","2017-01-31 15:34:50","Sale",480,0,480,0,480,0,0,0,480,"Z51X3C5U","Usharani A","Ramesh Raja","In Store",
"Thiruninravur",,"1315","2017-01-31 16:02:08","Sale",30,0,30,0,30,0,0,0,30,"1357","Varalakshmi P","Ramesh Raja","In Store",
"Thiruninravur",,"1316","2017-01-31 16:05:25","Sale",30,0,30,0,30,0,0,0,30,"3PW5HPXH","Nirmala P","Ramesh Raja","In Store",
"Thiruninravur",,"1317","2017-01-31 16:21:48","Sale",30,0,30,0,30,0,0,0,30,"449","Velankanni K","Ramesh Raja","In Store",
"Thiruninravur",,"1318","2017-01-31 16:22:53","Sale",30,0,30,0,30,0,0,0,30,"704","Hemavathi G","Ramesh Raja","In Store",
"Thiruninravur",,"1319","2017-01-31 16:23:36","Sale",30,0,30,0,30,0,0,0,30,"I69EFYAH","divya k","Ramesh Raja","In Store",
"Thiruninravur",,"1321","2017-01-31 16:29:49","Sale",30,0,30,0,30,0,0,0,30,"66","Vimala G","Ramesh Raja","In Store",
"Thiruninravur",,"1322","2017-01-31 17:05:13","Sale",30,0,30,0,30,0,0,0,30,"427URAA5","devisree","Ramesh Raja","In Store",
"Thiruninravur",,"1323","2017-01-31 17:09:02","Sale",30,0,30,0,30,0,0,0,30,"793","Hemalatha L","Ramesh Raja","In Store",
"Thiruninravur",,"1324","2017-01-31 17:25:44","Sale",30,0,30,0,30,0,0,0,30,"1647","Rajalakshmi B","Ramesh Raja","In Store",
"Thiruninravur",,"1325","2017-01-31 17:46:15","Sale",30,0,30,0,30,0,0,0,30,,,"Ramesh Raja","In Store",
"Thiruninravur",,"1326","2017-01-31 17:48:27","Sale",30,0,30,0,30,0,0,0,30,"592","Poongodi S","Ramesh Raja","In Store",
"Thiruninravur",,"1327","2017-01-31 17:49:42","Sale",30,0,30,0,30,0,0,0,30,"9EF6ABA2","Sangeetha B","Ramesh Raja","In Store",
"Thiruninravur",,"1328","2017-01-31 20:15:49","Sale",1580,0,1580,0,1580,0,0,0,1580,"1452","Ravathi P","Ramesh Raja","In Store",
"Thiruninravur",,"1329","2017-01-31 20:19:49","Sale",30,0,30,0,30,0,0,0,30,"P3AA9FH4","jayaNTHI M","Ramesh Raja","In Store",
"Thiruninravur",,"1330","2017-01-31 20:21:40","Sale",700,0,700,0,700,0,0,0,700,"251","Hemalatha B","Ramesh Raja","In Store",
"Thiruninravur",,"1331","2017-01-31 20:22:26","Sale",30,0,30,0,30,0,0,0,30,"361","Bharathi H","Ramesh Raja","In Store",
"Thiruninravur",,"1332","2017-01-31 20:24:28","Sale",80,0,80,0,80,0,0,0,80,"XTMFXS7R","hemalatha p","Ramesh Raja","In Store",
"Thiruninravur",,"1333","2017-01-31 20:34:58","Sale",30,0,30,0,30,0,0,0,30,"725","Lakshmipriya D","Ramesh Raja","In Store",
"Thiruninravur",,"1334","2017-01-31 21:01:13","Sale",1030,0,1030,0,1030,0,0,0,1030,"1792","Vaishali R","Ramesh Raja","In Store",